Rk,Player,Age,Team,Pos,G,GS,MP,FG,FGA,FG%,3P,3PA,3P%,2P,2PA,2P%,eFG%,FT,FTA,FT%,ORB,DRB,TRB,AST,STL,BLK,TOV,PF,PTS,Awards
1,Mikal Bridges,28,NYK,SF,62,62,2344,6.8,13.9,0.488,2.1,5.9,0.35,4.7,8,0.59,0.562,0.7,1,0.727,0.8,2.2,3,3.2,0.9,0.5,1.4,1.4,16.4,NA
2,Josh Hart,29,NYK,SG,59,59,2230,5.3,9.7,0.547,1,3.1,0.328,4.3,6.6,0.648,0.599,2.2,2.8,0.797,2.1,7.1,9.2,5.3,1.4,0.4,2,2.5,13.8,NA
3,Anthony Edwards,23,MIN,SG,61,61,2227,8.9,20.3,0.439,4.1,10,0.406,4.8,10.3,0.471,0.539,5.2,6.2,0.837,0.8,5.1,5.8,4.5,1.1,0.6,3.3,1.9,27.1,NA
4,Jalen Brunson,28,NYK,PG,61,61,2162,9.3,18.9,0.49,2.3,6.1,0.384,7,12.9,0.541,0.552,5.8,7.1,0.825,0.4,2.6,3,7.5,1,0.1,2.5,2.2,26.7,NA
5,Jayson Tatum,26,BOS,PF,59,59,2147,9.1,20,0.455,3.5,10,0.354,5.6,10,0.557,0.544,4.9,6.1,0.803,0.7,8,8.7,5.7,1.1,0.5,2.9,2.2,26.6,NA
6,Trae Young,26,ATL,PG,59,59,2138,7.2,18,0.403,2.8,8.5,0.327,4.5,9.5,0.472,0.48,6.2,7.2,0.866,0.4,2.6,3,11.5,1.1,0.2,4.7,2,23.5,NA
7,De'Aaron Fox,27,2TM,PG,58,58,2106,8.7,18.7,0.463,1.9,6.1,0.31,6.8,12.6,0.537,0.513,4.3,5.2,0.825,0.9,3.9,4.8,6.2,1.5,0.4,2.8,2.6,23.5,NA
7,De'Aaron Fox,27,SAC,PG,45,45,1663,9,19.1,0.469,2,6.2,0.322,7,12.9,0.539,0.521,4.4,5.3,0.829,1,3.9,4.9,6,1.4,0.4,2.9,2.6,24.3,NA
7,De'Aaron Fox,27,SAS,PG,13,13,443,7.6,17.3,0.437,1.5,5.9,0.264,6,11.5,0.525,0.481,3.7,4.6,0.807,0.6,3.8,4.4,7,1.9,0.4,2.6,2.8,20.4,NA
8,Jalen Green,22,HOU,SG,63,63,2095,8.1,19.1,0.427,3.2,8.9,0.356,5,10.2,0.488,0.509,3.5,4.3,0.827,0.6,4.1,4.7,3.5,0.9,0.3,2.8,1.8,23,NA
9,Devin Booker,28,PHO,SG,56,56,2089,8.3,18.1,0.456,2.6,7.4,0.346,5.7,10.7,0.532,0.527,5.9,6.6,0.89,0.9,2.9,3.8,6.6,1,0.2,2.7,2.6,25,NA
10,Shai Gilgeous-Alexander,26,OKC,PG,61,61,2087,11.9,22.6,0.526,2.3,6,0.378,9.6,16.6,0.58,0.576,8.5,9.4,0.898,0.9,4.4,5.4,6.5,1.9,1.1,2.7,2.4,34.5,NA
11,Jaden McDaniels,24,MIN,PF,64,64,2083,5.4,11.4,0.476,1.4,4.4,0.329,4,7.1,0.566,0.539,1.6,1.9,0.833,1.8,4.7,6.6,2.2,1.6,1,1.3,3.2,13.8,NA
12,Tyler Herro,25,MIA,SG,58,58,2064,8.4,18.3,0.459,3.6,9.8,0.371,4.8,8.5,0.559,0.558,3.8,4.4,0.865,0.4,5,5.4,5.8,0.8,0.2,2.7,1.3,24.2,NA
13,James Harden,35,LAC,PG,59,59,2051,6.7,17,0.392,3,8.9,0.339,3.6,8.1,0.451,0.481,6.5,7.4,0.875,0.7,5.3,6,8.9,1.6,0.6,4.7,2.2,22.8,NA
14,OG Anunoby,27,NYK,PF,56,56,2050,6.1,12.8,0.475,2.2,5.9,0.366,3.9,6.9,0.568,0.559,1.9,2.5,0.793,1.3,3.3,4.6,2,1.3,0.9,1.3,2.2,16.2,NA
15,Cade Cunningham,23,DET,PG,58,58,2044,9.7,21.1,0.461,2.3,6.4,0.357,7.4,14.7,0.506,0.515,4.4,5.1,0.855,0.8,5.5,6.3,9.6,1.1,0.8,4.5,2.8,26,NA
16,Christian Braun,23,DEN,SG,61,59,2035,6.4,11.2,0.571,1.1,2.9,0.367,5.3,8.2,0.643,0.619,2.5,3,0.834,1.4,4.2,5.5,2.5,1.2,0.6,1,2.4,16.3,NA
17,Kelly Oubre Jr.,29,PHI,SF,58,55,2033,6,12.8,0.471,1.3,4.2,0.298,4.8,8.6,0.556,0.52,2.4,3.2,0.76,1.7,4.7,6.4,1.9,1.6,0.5,1.4,3.1,15.7,NA
18,Nikola Jokić,29,DEN,C,56,56,2022,10.9,19,0.576,1.9,4.4,0.439,9,14.6,0.618,0.627,4.9,6,0.819,2.9,9.8,12.7,10.3,1.8,0.6,3.3,2.2,28.7,NA
19,Bam Adebayo,27,MIA,C,59,59,2021,7.1,14.6,0.489,0.9,2.7,0.312,6.3,11.8,0.53,0.518,3.3,4.4,0.748,2.7,7.8,10.5,4.6,1.3,0.7,2.3,2.3,18.4,NA
20,Derrick White,30,BOS,SG,60,60,2019,6.1,13.6,0.447,3.8,9.6,0.393,2.3,3.9,0.579,0.586,1.9,2.2,0.849,0.9,3.6,4.5,4.5,1,1.1,1.7,1.9,17.8,NA
21,Pascal Siakam,30,IND,PF,61,61,2010,8.7,16.6,0.524,1.9,4.7,0.406,6.8,11.9,0.57,0.581,3.4,4.5,0.748,1.9,6,7.9,3.6,1,0.5,1.5,2.8,22.7,NA
22,DeMar DeRozan,35,SAC,SF,56,56,2010,8.2,16.8,0.487,1.1,3,0.361,7.1,13.7,0.515,0.52,4.8,5.5,0.873,0.6,3.3,3.9,3.9,1,0.4,1.4,1.9,22.2,NA
23,Tyrese Haliburton,24,IND,PG,59,59,2007,6.9,14.7,0.468,3.2,8.3,0.39,3.6,6.4,0.569,0.578,2.7,3.1,0.861,0.6,3.1,3.7,9.4,1.5,0.7,1.8,1.4,19.6,NA
24,Keegan Murray,24,SAC,PF,58,58,1999,4.9,11.1,0.443,2,5.9,0.334,3,5.2,0.566,0.532,0.9,1.1,0.825,2.1,5,7.1,1.5,0.8,0.9,0.9,2.6,12.8,NA
25,Toumani Camara,24,POR,PF,61,61,1990,4.4,9.5,0.461,1.7,4.6,0.372,2.7,5,0.544,0.55,1.4,1.8,0.765,2.6,4,6.5,2.3,1.6,0.7,1.6,3.4,11.8,NA
26,LeBron James,40,LAL,SF,57,57,1989,9.8,19,0.518,2.4,6.1,0.391,7.5,12.9,0.579,0.581,3.8,4.8,0.779,1,7.3,8.4,8.8,0.9,0.6,4.1,1.5,25.8,NA
27,Jamal Murray,27,DEN,PG,55,55,1985,7.9,16.6,0.475,2.4,5.9,0.401,5.5,10.7,0.516,0.546,3.2,3.6,0.876,0.6,3.2,3.8,6,1.4,0.5,2.2,1.9,21.4,NA
28,Domantas Sabonis,28,SAC,C,56,56,1974,7.8,13.2,0.596,1,2.4,0.432,6.8,10.8,0.632,0.635,3.2,4.3,0.747,4,10.4,14.4,6.3,0.6,0.4,3,3.5,20,NA
29,Michael Porter Jr.,26,DEN,SF,59,59,1972,7.5,14.8,0.507,2.8,6.8,0.405,4.7,8,0.594,0.6,2,2.7,0.75,2,5.4,7.4,2.3,0.7,0.5,1.4,2,19.8,NA
30,Dyson Daniels,21,ATL,SG,58,58,1971,6.2,12.9,0.482,1.2,3.3,0.344,5.1,9.6,0.53,0.527,1.2,2,0.589,1.7,4.2,5.9,4.3,3.2,0.8,2,2.7,14.8,NA
31,Tyrese Maxey,24,PHI,PG,52,52,1960,8.8,20,0.437,3,8.8,0.337,5.8,11.3,0.515,0.511,4.7,5.3,0.879,0.3,2.9,3.2,5.8,1.7,0.4,2.3,2.1,25.1,NA
32,Jalen Williams,23,OKC,SG,59,59,1936,8.9,18.7,0.478,2,5.6,0.36,6.9,13.1,0.528,0.531,3.5,4.5,0.788,0.9,5.1,6,5.7,1.8,0.8,2.5,2.7,23.4,NA
33,Karl-Anthony Towns,29,NYK,C,55,55,1936,8.9,17,0.526,2.1,4.9,0.419,6.9,12.1,0.569,0.586,4.8,5.8,0.833,3.1,10.6,13.7,3.2,1,0.8,2.6,3.6,24.8,NA
34,Ivica Zubac,27,LAC,C,60,60,1934,7.9,12.7,0.621,0,0,NA,7.9,12.7,0.621,0.621,2,3.1,0.643,4.2,9.8,13.9,2.8,0.9,1.3,1.8,2.4,17.7,NA
35,Anfernee Simons,25,POR,SG,59,59,1926,7.5,17.4,0.429,3.4,9.1,0.37,4.1,8.3,0.493,0.526,2.8,3.1,0.904,0.4,2.7,3,5.5,0.9,0.1,2.3,1.9,21.1,NA
36,Amen Thompson,22,HOU,SF,59,32,1919,6.1,11,0.551,0.4,1.4,0.26,5.7,9.6,0.595,0.568,2.9,4.2,0.695,3,6.2,9.2,3.9,1.5,1.4,2.3,2.6,15.5,NA
37,Brook Lopez,36,MIL,C,60,60,1905,5.3,11,0.479,2,5.7,0.361,3.2,5.4,0.602,0.571,1.6,1.9,0.838,1.5,4.2,5.7,2,0.8,2.2,1.1,2.4,14.2,NA
38,Bilal Coulibaly,20,WAS,SF,57,57,1904,4.8,11.5,0.419,1.2,4.2,0.279,3.6,7.3,0.5,0.47,2.5,3.4,0.747,1.6,3.8,5.3,3.7,1.4,0.8,2.3,2.6,13.3,NA
39,Dillon Brooks,29,HOU,SF,59,59,1900,5.4,13.1,0.415,2.7,6.9,0.387,2.8,6.3,0.445,0.516,1.6,1.9,0.82,1.3,3.1,4.4,1.8,0.9,0.2,1.1,3.8,15.1,NA
40,Tobias Harris,32,DET,PF,59,59,1887,6,12.6,0.473,1.4,4.2,0.338,4.6,8.5,0.54,0.529,2.2,2.5,0.878,1,5.6,6.7,2.5,1,0.9,1.3,2.1,15.5,NA
41,Zach LaVine,29,2TM,SF,54,54,1865,8.9,17.5,0.508,3.3,7.6,0.436,5.6,9.9,0.563,0.603,3.6,4.4,0.814,0.3,4.5,4.8,4.6,1,0.2,3,1.5,24.6,NA
41,Zach LaVine,29,CHI,SF,42,42,1432,9.1,17.8,0.511,3.4,7.7,0.446,5.7,10.2,0.56,0.607,3.6,4.6,0.797,0.3,4.8,5.1,4.8,1,0.3,3,1.6,25.3,NA
41,Zach LaVine,29,SAC,SG,12,12,433,8.1,16.2,0.497,2.9,7.2,0.402,5.2,9,0.574,0.587,3.2,3.7,0.886,0.2,3.7,3.9,4.2,1,0.1,2.7,1.2,22.3,NA
42,Austin Reaves,26,LAL,SG,54,54,1851,6.3,14.3,0.442,2.6,7.4,0.358,3.7,6.9,0.531,0.534,4.5,5.2,0.866,0.9,3.6,4.5,6.2,1.2,0.3,2.5,2.1,19.8,NA
43,Alperen Şengün,22,HOU,C,59,59,1848,8.7,17.6,0.496,0.4,1.5,0.228,8.4,16,0.522,0.506,4.4,6.4,0.686,3.8,8.2,12,5.6,1.3,0.9,2.9,3.3,22.1,NA
44,Damian Lillard,34,MIL,PG,51,51,1847,7.8,17.2,0.453,3.5,9.1,0.38,4.3,8.1,0.535,0.554,6.3,6.8,0.923,0.5,4.1,4.6,7.2,1.2,0.2,2.9,1.7,25.4,NA
45,Kentavious Caldwell-Pope,31,ORL,SG,61,61,1844,3.7,8.7,0.425,1.6,5.2,0.311,2.1,3.5,0.594,0.518,1.3,1.6,0.863,0.4,2,2.5,2.1,1.6,0.5,1,2.4,10.4,NA
46,Coby White,24,CHI,SG,56,55,1841,7,16.2,0.435,3.3,9.1,0.367,3.7,7,0.522,0.538,3.3,3.7,0.898,0.4,3.4,3.7,4.9,1.1,0.2,2.5,2.4,20.7,NA
47,Rudy Gobert,32,MIN,C,55,55,1831,4.6,7.1,0.653,0,0,NA,4.6,7.1,0.653,0.653,2.6,3.9,0.68,3.8,7.5,11.3,2,0.7,1.7,1.5,2.6,11.9,NA
48,Jaylen Brown,28,BOS,SF,52,52,1831,8.7,19,0.461,1.9,6,0.322,6.8,12.9,0.526,0.512,4.1,5.5,0.756,1.5,4.7,6.2,4.9,1.2,0.3,2.8,2.6,23.6,NA
49,Donovan Mitchell,28,CLE,SG,58,58,1809,9.8,21.5,0.456,4.1,10.5,0.392,5.7,11,0.517,0.552,4.4,5.3,0.828,0.9,4.2,5,5.5,1.6,0.2,2.3,2.3,28.1,NA
50,Kevin Durant,36,PHO,PF,49,49,1805,9.5,18.1,0.527,2.4,6,0.398,7.2,12.1,0.59,0.593,4.8,5.8,0.825,0.4,5.5,5.9,4.1,0.9,1.3,2.9,1.7,26.2,NA
51,Kyrie Irving,32,DAL,SG,50,50,1804,8.9,18.9,0.473,2.9,7.2,0.401,6,11.7,0.517,0.549,3.9,4.3,0.916,1.2,3.6,4.8,4.6,1.3,0.5,2.2,2,24.6,NA
52,Bub Carrington,19,WAS,PG,61,42,1799,4.1,10.2,0.404,2,5.7,0.346,2.1,4.5,0.478,0.501,1,1.2,0.833,0.5,4.4,4.9,4.9,0.9,0.3,1.9,2.8,11.2,NA
53,Nikola Vučević,34,CHI,C,56,56,1799,8.7,16.4,0.533,2,5.1,0.387,6.8,11.3,0.599,0.593,2,2.4,0.817,2.6,8.9,11.5,3.8,1,0.7,1.9,2.7,21.4,NA
54,Jarrett Allen,26,CLE,C,62,62,1765,7,9.9,0.707,0,0.1,0,7,9.8,0.712,0.707,3,4,0.746,3.4,9.6,13,2.5,1.1,1.2,1.5,1.9,17,NA
55,Naz Reid,25,MIN,C,63,16,1761,7.1,15.3,0.464,2.9,7.6,0.389,4.1,7.7,0.537,0.56,2,2.6,0.792,1.5,6.4,7.9,2.8,1,1.2,1.7,3.1,19.1,NA
56,Darius Garland,25,CLE,PG,58,58,1758,8.9,18.6,0.481,3.5,8.4,0.419,5.4,10.2,0.532,0.575,3.6,4.1,0.87,0.7,2.3,3,8,1.4,0.2,2.9,2.4,25,NA
57,Payton Pritchard,27,BOS,PG,62,0,1747,6.5,13.5,0.479,4.3,10.1,0.424,2.2,3.5,0.637,0.636,1.2,1.4,0.857,1.7,3.2,4.9,4.5,1.1,0.2,1.2,2,18.4,NA
58,Tyus Jones,28,PHO,PG,61,56,1747,4.8,10.8,0.446,2.5,6.2,0.407,2.3,4.6,0.498,0.562,0.9,1.1,0.885,0.6,2.4,3.1,7.3,1.1,0.1,1.7,1.1,13.1,NA
59,Stephen Curry,36,GSW,PG,54,54,1736,9.1,20.2,0.451,5,12.5,0.401,4.1,7.6,0.533,0.575,4.1,4.4,0.93,0.6,4.4,5,7,1.2,0.5,3.2,1.5,27.3,NA
60,Malik Beasley,28,DET,SG,63,14,1734,7.6,17.1,0.441,5.2,12.4,0.421,2.3,4.8,0.493,0.593,1.4,2.1,0.663,0.7,2.9,3.6,2.2,1.2,0.1,1.3,2,21.7,NA
61,Jaren Jackson Jr.,25,MEM,C,59,59,1732,10,20.2,0.497,2.3,6.3,0.365,7.7,13.9,0.558,0.555,5.5,7.1,0.772,1.6,5.5,7.2,2.6,1.5,2,2.6,4.1,27.9,NA
62,Chris Paul,39,SAS,PG,60,60,1722,3.7,9,0.415,2.2,5.9,0.367,1.6,3.1,0.507,0.536,1.6,1.7,0.938,0.6,4.1,4.7,10,1.7,0.3,1.9,2.3,11.2,NA
63,Josh Giddey,22,CHI,PG,58,58,1717,6,13.1,0.454,1.8,4.8,0.368,4.2,8.3,0.504,0.522,2.5,3.2,0.781,2.2,7.1,9.2,8.1,1.3,0.8,3.3,2.1,16.2,NA
64,Bennedict Mathurin,22,IND,SF,55,44,1695,6.6,14,0.475,1.6,4.7,0.345,5,9.3,0.541,0.533,4,4.8,0.827,1.4,5,6.4,2.2,0.7,0.5,2.2,2.7,18.9,NA
65,Malik Monk,26,SAC,SG,52,39,1688,7.2,16.4,0.441,2.4,7.5,0.324,4.8,8.9,0.541,0.516,2.7,3,0.88,0.5,3.8,4.2,6.5,1.1,0.7,2.6,2.9,19.6,NA
66,Deni Avdija,24,POR,SF,59,41,1686,6.1,13.3,0.461,1.8,5.3,0.332,4.4,8,0.547,0.527,4.6,6,0.767,1.6,6.5,8,4.5,1.2,0.6,3.1,3,18.6,NA
67,Trey Murphy III,24,NOP,SF,47,45,1678,7.4,16.3,0.456,3.2,8.6,0.367,4.2,7.6,0.556,0.553,4,4.5,0.89,0.9,4.3,5.2,3.8,1.2,0.8,1.9,2.2,22,NA
68,Luguentz Dort,25,OKC,SF,58,58,1677,4.3,10.2,0.422,2.7,7,0.391,1.6,3.2,0.49,0.556,0.7,0.9,0.786,1.7,3.4,5.1,2.1,1.4,0.7,0.8,3.8,12,NA
69,Tim Hardaway Jr.,32,DET,SG,59,59,1667,4.4,10.8,0.406,2.6,7.3,0.361,1.7,3.5,0.5,0.528,1.9,2.3,0.841,0.3,2.7,3,2.1,0.6,0.1,0.9,1.6,13.3,NA
70,Myles Turner,28,IND,C,54,54,1665,6.4,13.4,0.478,2.6,6.4,0.408,3.8,7,0.542,0.575,2.8,3.6,0.771,1.3,6.3,7.6,1.9,1,2.2,2.1,3.2,18.2,NA
71,Shaedon Sharpe,21,POR,SG,55,35,1663,7.9,17.4,0.452,2.4,7.4,0.323,5.5,10.1,0.546,0.52,2.9,3.6,0.796,1,3.8,4.7,3.1,0.9,0.3,2.2,2,21,NA
72,Julius Randle,30,MIN,PF,51,51,1662,7.3,15.5,0.472,1.6,5.1,0.318,5.7,10.4,0.548,0.525,4.7,5.7,0.819,2.4,5.6,8,5,0.8,0.2,3.1,2.8,20.9,NA
73,Giannis Antetokounmpo,30,MIL,PF,49,49,1661,13,21.5,0.605,0.2,0.9,0.19,12.8,20.5,0.623,0.609,6.5,11,0.596,2.4,10.5,12.9,6.3,0.8,1.3,3.5,2.7,32.7,NA
74,Evan Mobley,23,CLE,PF,55,55,1657,8.6,15.1,0.569,1.3,3.4,0.367,7.3,11.6,0.628,0.61,3.8,5.2,0.741,2.8,8.4,11.2,3.6,1,1.9,2.4,2.5,22.2,NA
75,Scottie Barnes,23,TOR,PF,48,48,1654,7.8,17.4,0.45,1.3,5,0.268,6.5,12.4,0.523,0.488,3.7,4.7,0.779,1.7,6.5,8.1,6.4,1.5,1.1,3,2.1,20.6,NA
76,Harrison Barnes,32,SAS,PF,60,60,1644,5.1,10.5,0.489,2.2,5.3,0.417,2.9,5.2,0.561,0.593,2.5,3.2,0.795,1.7,3.4,5.2,2.3,0.4,0.2,0.7,1.2,15,NA
77,Nickeil Alexander-Walker,26,MIN,SG,64,10,1634,4.7,10.6,0.444,2.5,6.4,0.397,2.2,4.2,0.516,0.564,1.3,1.7,0.76,0.8,3.5,4.4,3.6,0.9,0.5,1.7,2.5,13.2,NA
78,RJ Barrett,24,TOR,SF,49,49,1632,8.8,18.4,0.476,2,5.7,0.357,6.8,12.7,0.529,0.531,3.9,6,0.648,1,5.9,6.9,6.1,0.9,0.3,3.2,2.7,23.4,NA
79,Fred VanVleet,30,HOU,PG,46,46,1631,5,13.1,0.383,2.7,7.9,0.34,2.4,5.3,0.448,0.485,1.9,2.3,0.824,0.7,3.3,4,5.9,1.7,0.4,1.6,2.5,14.6,NA
80,Jalen Wilson,24,BRK,PF,61,15,1623,4.2,10.6,0.395,1.9,6,0.316,2.3,4.6,0.498,0.484,2.4,2.8,0.835,1.4,3.2,4.6,2.5,0.7,0.1,1.5,2.9,12.6,NA
81,Jaylen Wells,21,MEM,SG,62,57,1618,5.5,12.3,0.446,2.6,7,0.374,2.9,5.3,0.54,0.552,2,2.4,0.824,1.5,2.9,4.4,2.3,0.8,0.1,1.3,2.5,15.5,NA
82,Yves Missi,20,NOP,C,60,54,1617,4.7,8.7,0.539,0,0,0,4.7,8.7,0.541,0.539,2.1,3.4,0.632,4.6,6.1,10.7,1.7,0.7,1.8,1.5,2.8,11.6,NA
83,Rui Hachimura,26,LAL,PF,50,50,1605,5.7,11.2,0.506,1.9,4.6,0.41,3.8,6.6,0.573,0.59,1.7,2.2,0.765,1.6,4.2,5.9,1.7,0.9,0.5,1,2,14.9,NA
84,Keyonte George,21,UTA,PG,51,32,1600,6.2,15.6,0.397,3.1,8.8,0.349,3.2,6.9,0.459,0.495,3.6,4.5,0.802,0.5,3.8,4.3,6.8,0.8,0.2,3.2,1.9,19.1,NA
85,Dennis Schröder,31,3TM,PG,57,41,1595,6.1,14.8,0.415,2.5,6.9,0.357,3.7,7.9,0.466,0.498,2.6,3.2,0.836,0.4,3,3.4,6.9,1.2,0.2,2.7,3.1,17.4,NA
85,Dennis Schröder,31,BRK,PG,23,23,772,6.9,15.2,0.452,2.7,7,0.387,4.2,8.2,0.509,0.542,3.4,3.8,0.889,0.2,3,3.2,7.1,1.2,0.2,2.8,2.6,19.8,NA
85,Dennis Schröder,31,GSW,SG,24,18,628,5.4,14.4,0.375,2.1,6.6,0.322,3.3,7.8,0.419,0.448,1.7,2.2,0.744,0.6,2.6,3.2,6,1.4,0.2,2.8,3.8,14.6,NA
85,Dennis Schröder,31,DET,PG,10,0,195,5.7,14.6,0.392,2.6,7.4,0.35,3.1,7.2,0.436,0.481,3,3.7,0.8,0.9,4.2,5.2,8.9,0.6,0.6,2.4,3,17,NA
86,Jordan Poole,25,WAS,SG,51,51,1594,7.9,18.8,0.419,4,10.8,0.37,3.9,8,0.485,0.525,4.5,5.1,0.876,0.6,3.2,3.7,5.5,1.6,0.5,3.8,3.7,24.2,NA
87,CJ McCollum,33,NOP,PG,48,48,1588,8.8,19.6,0.448,3.3,8.9,0.375,5.4,10.7,0.51,0.534,2.5,3.4,0.73,0.8,3.3,4,4.2,0.8,0.5,2,2.4,23.4,NA
88,Gradey Dick,21,TOR,SG,54,54,1587,6,14.7,0.41,2.6,7.4,0.35,3.4,7.3,0.47,0.498,3,3.5,0.858,1,3.4,4.4,2.2,1.1,0.2,1.9,2.7,17.6,NA
89,Max Christie,21,2TM,SG,59,31,1577,4.3,9.7,0.441,1.9,5.2,0.374,2.4,4.5,0.518,0.541,2.2,2.6,0.851,0.7,3.3,4,2.5,1.1,0.6,1.3,2.1,12.7,NA
89,Max Christie,21,LAL,SG,46,25,1154,4,9,0.444,1.9,5.1,0.368,2.1,3.9,0.544,0.549,2.3,2.7,0.851,0.8,3.1,3.8,2.1,1.1,0.7,1.2,2.3,12.2,NA
89,Max Christie,21,DAL,SG,13,6,423,5.1,11.7,0.435,2.1,5.4,0.391,3,6.3,0.473,0.525,2,2.3,0.852,0.5,4,4.5,3.7,1.2,0.4,1.6,1.8,14.3,NA
90,Taurean Prince,30,MIL,SF,60,53,1576,3.8,8.5,0.449,2.5,5.7,0.448,1.3,2.9,0.452,0.598,0.6,0.7,0.839,0.7,4.5,5.1,2.7,1.1,0.2,1.4,2.8,10.8,NA
91,Josh Green,24,CHO,SG,55,54,1572,3.4,7.8,0.433,1.8,4.6,0.4,1.6,3.3,0.479,0.55,0.9,1.4,0.667,1.1,2.2,3.3,1.9,1.4,0.3,1.2,3.2,9.5,NA
92,Desmond Bane,26,MEM,SG,50,49,1562,7.9,16.1,0.487,2.5,6.7,0.377,5.3,9.5,0.564,0.565,3.1,3.5,0.882,1.1,5.8,6.9,6.3,1.3,0.5,3,2.7,21.3,NA
93,Amir Coffey,27,LAC,SG,60,13,1551,4.9,10.4,0.473,2.1,5,0.412,2.9,5.4,0.53,0.573,2.5,2.8,0.908,0.7,2.7,3.4,1.6,0.8,0.2,1,2.5,14.4,NA
94,Guerschon Yabusele,29,PHI,C,58,31,1548,5.3,10.5,0.506,2,5.2,0.395,3.3,5.3,0.614,0.603,1.8,2.4,0.743,2.5,4.9,7.4,2.7,1.1,0.5,1.7,3.2,14.5,NA
95,Jalen Duren,21,DET,C,60,60,1546,6.4,9.2,0.702,0,0,NA,6.4,9.2,0.702,0.702,2.7,4,0.686,4.8,9.5,14.3,3.7,1,1.7,2.6,4.5,15.6,NA
96,Spencer Dinwiddie,31,DAL,PG,61,20,1535,4.6,11.4,0.409,1.9,5.7,0.336,2.7,5.7,0.481,0.493,3.3,4,0.808,0.3,3,3.3,5.4,1.2,0.3,1.7,2.2,14.4,NA
97,Victor Wembanyama,21,SAS,C,46,46,1527,9.6,20.2,0.476,3.3,9.5,0.352,6.3,10.7,0.586,0.559,3.7,4.5,0.836,1.9,10,11.9,4,1.2,4.1,3.5,2.5,26.3,NA
98,Norman Powell,31,LAC,SG,46,46,1520,9,18.2,0.494,3.6,8.4,0.424,5.4,9.8,0.554,0.592,4.3,5.3,0.821,0.4,3.4,3.8,2.4,1.4,0.2,2.2,2,25.9,NA
99,Russell Westbrook,36,DEN,PG,55,29,1518,6.4,13.8,0.463,1.6,4.8,0.333,4.8,9,0.532,0.521,2.5,3.9,0.636,1.8,4.7,6.5,8,1.8,0.7,4,3.3,16.8,NA
100,P.J. Washington,26,DAL,PF,47,46,1515,5.6,13,0.432,1.8,4.7,0.374,3.8,8.3,0.466,0.5,2.6,3.6,0.74,1.8,7.3,9,2.6,1.3,1.2,2.1,2.7,15.6,NA
101,Miles Bridges,26,CHO,PF,47,47,1512,8.2,19,0.433,2.5,7.8,0.319,5.8,11.3,0.511,0.498,3.7,4.3,0.867,1.3,7.4,8.7,4.2,0.8,0.7,2.4,1.7,22.7,NA
102,Andrew Wiggins,29,2TM,SF,49,49,1508,7,16.1,0.435,2.5,6.8,0.367,4.5,9.3,0.485,0.513,4.1,5.2,0.784,1.8,3.6,5.4,2.9,1.1,0.9,1.7,1.9,20.6,NA
102,Andrew Wiggins,29,GSW,SF,43,43,1296,7.2,16.3,0.444,2.6,6.9,0.379,4.6,9.4,0.491,0.524,3.9,5,0.777,1.8,3.6,5.5,2.8,1.1,0.9,1.6,1.9,21,NA
102,Andrew Wiggins,29,MIA,SF,6,6,212,5.4,14.6,0.372,1.9,6.5,0.289,3.6,8.2,0.438,0.436,5.4,6.6,0.821,1.7,3.2,4.9,3.4,1.2,1,2.7,1.7,18.2,NA
103,Klay Thompson,34,DAL,SF,55,55,1505,6.7,16.1,0.416,4.1,10.3,0.402,2.5,5.8,0.44,0.545,1.1,1.2,0.88,0.9,3.7,4.6,2.7,1.1,0.6,1.7,1.7,18.5,NA
104,Stephon Castle,20,SAS,PG,59,29,1497,6.8,16.1,0.422,1.6,5.6,0.282,5.2,10.5,0.497,0.471,3.6,5,0.718,1.3,3.1,4.4,5,1.3,0.3,2.8,2.5,18.8,NA
105,Cameron Johnson,28,BRK,PF,47,47,1493,7.1,14.9,0.475,3.4,8.4,0.398,3.7,6.5,0.574,0.587,4,4.4,0.896,1,3.7,4.7,3.4,1,0.5,1.9,2.1,21.5,NA
106,Jakob Poeltl,29,TOR,C,49,48,1485,7.3,11.9,0.612,0,0,0,7.3,11.9,0.614,0.612,2.1,3.2,0.672,4,7.7,11.7,3.3,1.4,1.5,2.2,3.9,16.7,NA
107,Corey Kispert,25,WAS,SF,56,0,1483,5.8,12.7,0.451,2.7,7.4,0.37,3,5.3,0.564,0.559,1.6,1.9,0.844,0.8,3.3,4.1,2.3,0.6,0.3,1.5,2.2,15.8,NA
108,Cason Wallace,21,OKC,SG,54,36,1482,4.2,9.2,0.454,1.4,4.1,0.335,2.8,5.1,0.55,0.529,0.5,0.6,0.833,1.4,3.2,4.6,3.2,2.3,0.6,1,3,10.2,NA
109,Kyshawn George,21,WAS,SG,55,25,1479,3.8,10.7,0.358,2.2,7.1,0.312,1.6,3.6,0.452,0.462,1.4,1.8,0.757,1,4.5,5.5,3.3,1.3,0.9,2,4,11.2,NA
110,Franz Wagner,23,ORL,SF,44,44,1476,9.8,21,0.466,2,6.5,0.306,7.8,14.6,0.538,0.513,5.1,6,0.853,1,4.8,5.9,5,1.5,0.5,2.5,2.8,26.7,NA
111,Onyeka Okongwu,24,ATL,C,56,22,1474,6.9,11.9,0.577,0.6,2.2,0.278,6.3,9.7,0.645,0.603,2.9,4,0.728,4,7.4,11.4,3,1.1,1.2,1.5,3.3,17.2,NA
112,Buddy Hield,32,GSW,SG,63,22,1471,6.4,15.5,0.411,3.9,10.7,0.362,2.5,4.9,0.518,0.535,1,1.2,0.813,0.9,4.1,5,2.5,1.3,0.5,1.9,2.6,17.6,NA
113,Anthony Davis,31,2TM,PF,43,43,1471,10,19,0.528,0.7,2.3,0.313,9.3,16.6,0.559,0.548,6.3,8,0.786,3,9.6,12.6,3.6,1.3,2.3,2.3,2,27.1,NA
113,Anthony Davis,31,LAL,C,42,42,1440,10,18.9,0.528,0.7,2.3,0.298,9.3,16.6,0.56,0.546,6.3,8,0.788,3,9.5,12.5,3.5,1.4,2.3,2.3,2,27,NA
113,Anthony Davis,31,DAL,PF,1,1,31,11.6,20.9,0.556,2.3,2.3,1,9.3,18.6,0.5,0.611,4.6,7,0.667,4.6,13.9,18.6,8.1,0,3.5,1.2,0,30.2,NA
114,Terry Rozier,30,MIA,PG,53,23,1468,5.6,14,0.399,1.9,6.6,0.294,3.7,7.4,0.493,0.468,2.2,2.5,0.864,0.9,4.1,5.1,3.7,0.8,0.3,1.8,1.7,15.3,NA
115,Jerami Grant,30,POR,PF,45,45,1464,5.1,13.6,0.373,2.5,6.9,0.366,2.6,6.7,0.381,0.466,3.3,3.9,0.843,0.6,3.2,3.8,2.5,1,1.1,1.5,2.6,15.9,NA
116,Quentin Grimes,24,2TM,SG,59,21,1462,6.1,12.8,0.474,2.6,6.7,0.391,3.4,6,0.567,0.577,2,2.8,0.732,1.1,4.9,6,3.5,1.1,0.4,2,2.5,16.8,NA
116,Quentin Grimes,24,DAL,SG,47,12,1070,5.7,12.3,0.463,2.7,6.8,0.398,3,5.5,0.543,0.573,2.1,2.7,0.765,1,5,6,3.4,1.1,0.3,2.1,2.6,16.1,NA
116,Quentin Grimes,24,PHI,SG,12,9,392,7.1,14.1,0.5,2.5,6.7,0.37,4.6,7.4,0.617,0.588,1.8,2.8,0.645,1.5,4.6,6.1,3.8,1.3,0.6,1.9,2.1,18.5,NA
117,Scoot Henderson,20,POR,PG,55,9,1458,5.8,13.5,0.429,2.1,5.8,0.366,3.7,7.7,0.476,0.507,3.3,4.2,0.776,0.9,3.1,4,7.1,1.6,0.3,3.5,3.8,17,NA
118,Ochai Agbaji,24,TOR,SG,54,38,1457,5.3,10.5,0.505,2,5,0.399,3.3,5.5,0.601,0.6,0.7,1,0.667,1.2,3.7,4.9,2,1.1,0.7,1,2.5,13.3,NA
119,Nic Claxton,25,BRK,C,54,46,1454,5.9,10.9,0.541,0,0.4,0.067,5.9,10.6,0.557,0.542,1.7,3.1,0.532,2.9,7,10,3,1.3,2,1.7,2.8,13.5,NA
120,Anthony Black,21,ORL,PG,60,9,1444,4.7,11.3,0.413,1,3.5,0.298,3.6,7.8,0.465,0.459,3.1,4.1,0.745,0.9,3.1,4.1,4.7,1.6,0.8,2.7,3.3,13.5,NA
121,Walker Kessler,23,UTA,C,47,47,1427,5.9,8.1,0.727,0.1,0.2,0.333,5.9,8,0.734,0.73,1.7,3.2,0.548,5.3,9,14.3,1.9,0.7,2.7,1.7,2.6,13.6,NA
122,Keon Johnson,22,BRK,SG,60,38,1425,5.6,14.9,0.374,2.2,7.6,0.292,3.3,7.3,0.46,0.449,1.9,2.4,0.802,1.3,4.2,5.5,3,1.6,0.6,2,3.9,15.3,NA
123,Duncan Robinson,30,MIA,SF,58,30,1424,5.8,13.3,0.435,3.7,9.6,0.385,2.1,3.7,0.561,0.573,0.9,1,0.9,0.4,3.2,3.6,3.9,0.8,0.1,1.8,2.8,16.2,NA
124,Julian Champagnie,23,SAS,SF,60,26,1422,5.2,12.2,0.424,3.3,8.9,0.368,1.9,3.3,0.577,0.559,1.4,1.5,0.9,1.2,4.6,5.8,2,1.2,0.7,1.4,2,15,NA
125,Royce O'Neale,31,PHO,SF,56,18,1421,4.8,11.2,0.432,3.5,8.4,0.418,1.3,2.8,0.473,0.588,0.5,0.7,0.731,1.1,5.8,6.9,2.9,1.4,0.7,1.3,2.9,13.7,NA
126,Derrick Jones Jr.,27,LAC,SF,57,51,1420,6,11.6,0.516,1.4,4.1,0.356,4.6,7.6,0.602,0.578,1.5,2,0.747,1.9,3.2,5.1,1.2,1.7,0.5,1.3,3,15,NA
127,Tristan Da Silva,23,ORL,SF,60,35,1413,4.4,10.4,0.423,1.8,5.3,0.338,2.6,5.1,0.51,0.509,1.3,1.5,0.862,1.7,3.7,5.4,2.5,0.7,0.4,1.3,2.1,11.9,NA
128,Jrue Holiday,34,BOS,PG,47,47,1413,4.8,10.9,0.438,2.1,6,0.342,2.7,4.8,0.558,0.533,1.4,1.5,0.9,1.3,3.8,5.1,4.4,1.2,0.5,1.6,1.9,13,NA
129,Draymond Green,34,GSW,PF,49,47,1411,3.9,9.2,0.428,1.4,4.1,0.327,2.6,5.1,0.51,0.501,2,2.9,0.681,1.4,6.2,7.7,7.3,1.6,1.3,3,3.9,11.2,NA
130,Davion Mitchell,26,2TM,PG,54,32,1404,3.7,8.1,0.459,1.5,3.8,0.387,2.2,4.2,0.524,0.551,0.8,1.2,0.688,0.5,2.1,2.7,6.4,1.1,0.3,2.4,3.5,9.7,NA
130,Davion Mitchell,26,TOR,PG,44,22,1080,3.5,8.1,0.434,1.4,3.9,0.359,2.1,4.2,0.504,0.52,0.8,1.2,0.676,0.5,2.3,2.8,6.8,1,0.3,2.6,3.9,9.3,NA
130,Davion Mitchell,26,MIA,PG,10,10,324,4.2,7.8,0.543,1.8,3.7,0.485,2.4,4.1,0.595,0.657,0.9,1.2,0.727,0.6,1.6,2.1,5,1.3,0.3,1.9,2.3,11.1,NA
131,Bradley Beal,31,PHO,SG,43,28,1401,7.5,14.9,0.502,2.2,5.4,0.405,5.3,9.5,0.557,0.575,2.4,2.9,0.816,0.8,3.1,4,4,1.2,0.6,2.3,2.9,19.5,NA
132,Aaron Wiggins,26,OKC,SG,62,19,1395,7.2,14.3,0.502,2.7,6.7,0.402,4.5,7.6,0.59,0.597,1.3,1.6,0.823,1.8,4.2,6,2.6,1.2,0.4,1.4,2.1,18.4,NA
133,Ayo Dosunmu,25,CHI,SG,46,26,1394,5.7,11.6,0.492,1.6,4.9,0.328,4.1,6.7,0.612,0.561,1.6,2,0.785,0.7,3.5,4.2,5.4,1.1,0.5,1.8,2.7,14.6,NA
134,Gary Trent Jr.,26,MIL,SG,55,7,1379,5.4,12.1,0.443,3.3,7.8,0.418,2.1,4.3,0.488,0.577,1.2,1.4,0.836,0.4,3.1,3.4,1.7,1.4,0.1,0.9,2.6,15.2,NA
135,Lauri Markkanen,27,UTA,PF,43,43,1379,7.2,16.8,0.425,3.3,9.5,0.347,3.9,7.3,0.527,0.523,4.1,4.7,0.872,1.9,5,6.9,1.7,0.9,0.4,1.5,2,21.7,NA
136,Devin Vassell,24,SAS,SG,45,34,1367,7.2,16.5,0.437,2.6,7.6,0.348,4.6,8.9,0.512,0.517,1.8,2.3,0.773,0.7,3.7,4.4,3.4,1.4,0.6,1.7,1.8,18.8,NA
137,Zaccharie Risacher,19,ATL,SF,56,54,1363,6.4,14.7,0.434,2.2,6.3,0.349,4.2,8.4,0.498,0.509,2.2,3.1,0.707,1.8,3.5,5.3,1.9,1.2,0.7,1.7,2.8,17.1,NA
138,Julian Strawther,22,DEN,SG,61,4,1351,5.5,12.6,0.434,2.5,7,0.357,3,5.6,0.531,0.534,1.8,2.2,0.829,0.4,3.1,3.5,2.2,1,0.4,1.5,3.9,15.2,NA
139,Collin Sexton,26,UTA,SG,48,46,1350,8.2,17.3,0.476,2.4,5.8,0.408,5.8,11.4,0.51,0.545,4.5,5,0.898,1.3,2.3,3.6,5.2,0.9,0.1,3.1,2.8,23.3,NA
140,Keon Ellis,25,SAC,SG,59,12,1347,4.3,8.9,0.48,2.7,6.1,0.435,1.6,2.8,0.583,0.631,1.5,1.7,0.859,1.2,2.9,4.1,2,2.2,1.3,1.3,3.1,12.7,NA
141,Keldon Johnson,25,SAS,SF,57,0,1345,7,14.7,0.476,1.7,5.4,0.32,5.3,9.3,0.566,0.535,2.9,3.9,0.757,2.1,4.8,6.9,2.3,0.9,0.3,1.4,2.4,18.6,NA
142,Mike Conley,37,MIN,PG,54,48,1342,3.7,9.7,0.38,2.6,6.6,0.396,1.1,3.1,0.345,0.514,1.8,1.9,0.917,0.7,3.1,3.8,6.5,1.7,0.3,1.5,2.3,11.7,NA
143,Paul George,34,PHI,PF,41,41,1334,6.6,15.4,0.43,2.6,7.2,0.358,4,8.1,0.493,0.514,2.1,2.6,0.814,0.6,5.3,5.9,4.8,2,0.5,2.9,2.7,17.9,NA
144,Al Horford,38,BOS,C,49,33,1324,4,9.6,0.415,2.4,6.6,0.358,1.6,3,0.541,0.538,0.6,0.7,0.917,1.5,6,7.6,2.5,0.8,1.1,1,1.9,10.9,NA
145,Isaiah Collier,20,UTA,PG,54,29,1323,4.3,10.6,0.408,0.8,3.4,0.232,3.5,7.2,0.491,0.445,1.5,2.4,0.636,0.6,4,4.6,9,1.3,0.3,4.2,3.2,11,NA
146,Georges Niang,31,2TM,PF,61,2,1323,5.9,12.6,0.47,3.3,8.2,0.402,2.6,4.4,0.595,0.6,0.9,1.1,0.8,1.1,5.3,6.4,2.4,0.6,0.3,1.5,4.2,16,NA
146,Georges Niang,31,CLE,PF,51,1,1053,5.7,11.9,0.477,3.1,7.7,0.4,2.6,4.2,0.618,0.606,0.8,1,0.793,1.2,5.3,6.5,2.3,0.6,0.2,1.6,4.4,15.2,NA
146,Georges Niang,31,ATL,PF,10,1,270,6.9,15.5,0.448,4.1,10.1,0.408,2.8,5.3,0.525,0.582,1.2,1.5,0.818,0.9,5.3,6.3,2.7,0.7,0.5,0.8,3.5,19.2,NA
147,De'Andre Hunter,27,2TM,SF,47,7,1320,7.5,16,0.468,3.3,8,0.414,4.1,7.9,0.522,0.572,5,5.8,0.858,0.9,4.2,5.1,1.8,0.9,0.2,1.8,3,23.2,NA
147,De'Andre Hunter,27,ATL,SF,37,4,1064,7.7,16.6,0.461,3.3,8.4,0.393,4.4,8.3,0.531,0.56,5.1,6,0.858,0.9,4,4.9,1.9,1,0.2,2,3,23.8,NA
147,De'Andre Hunter,27,CLE,SF,10,3,256,6.6,13.2,0.5,3.5,6.8,0.521,3.1,6.5,0.478,0.633,4.4,5.1,0.861,0.8,5.2,6,1.3,0.4,0.6,1,3.2,21.1,NA
148,Kris Dunn,30,LAC,PG,55,39,1309,3.9,8.9,0.434,1.4,4.5,0.315,2.4,4.4,0.556,0.514,0.2,0.4,0.563,1.3,4.2,5.4,4.6,2.8,0.5,1.6,4,9.4,NA
149,Haywood Highsmith,28,MIA,SF,54,39,1309,3.7,7.7,0.48,1.8,4.5,0.409,1.8,3.2,0.583,0.6,0.7,0.9,0.735,1.2,3.4,4.6,2,1.4,0.9,1,3.2,9.9,NA
150,Santi Aldama,24,MEM,PF,52,12,1304,7.2,14.7,0.487,2.7,7,0.376,4.5,7.7,0.588,0.577,1.4,1.9,0.7,2.3,7.3,9.6,4.1,1.2,0.8,1.4,1.5,18.4,NA
151,Andrew Nembhard,25,IND,SG,45,45,1303,4.8,10.3,0.469,1,3.1,0.315,3.8,7.2,0.535,0.516,2.2,2.8,0.794,0.6,3.3,4,6.2,1.6,0.2,2.3,3,12.8,NA
152,Wendell Carter Jr.,25,ORL,C,51,34,1298,4.6,9.9,0.461,0.7,3.1,0.218,3.9,6.9,0.569,0.494,2.9,4,0.727,3,7.5,10.5,3.2,1.1,0.7,1.6,4.1,12.7,NA
153,Dorian Finney-Smith,31,2TM,PF,46,30,1291,3.8,8.6,0.445,2.3,5.9,0.396,1.5,2.7,0.552,0.581,0.6,0.9,0.667,1.8,3.3,5.2,1.7,1.2,0.4,1.2,2.8,10.6,NA
153,Dorian Finney-Smith,31,BRK,PF,20,20,579,4.5,9.9,0.459,2.9,6.7,0.435,1.6,3.2,0.51,0.607,0.9,1.5,0.625,1.9,3.7,5.7,1.9,1.1,0.7,1.1,3.4,12.9,NA
153,Dorian Finney-Smith,31,LAL,PF,26,10,712,3.2,7.5,0.43,1.9,5.3,0.356,1.4,2.3,0.6,0.554,0.4,0.5,0.778,1.8,3,4.8,1.6,1.3,0.2,1.3,2.3,8.7,NA
154,Kyle Kuzma,29,2TM,PF,44,41,1290,7.2,16.8,0.427,1.7,5.9,0.292,5.4,10.9,0.5,0.478,2.6,4.1,0.63,1,6.6,7.6,3,0.7,0.3,2.8,2.1,18.6,NA
154,Kyle Kuzma,29,WAS,PF,32,30,887,7.8,18.5,0.42,1.8,6.5,0.281,5.9,12,0.495,0.469,2.4,4,0.602,1.1,6.4,7.5,3.2,0.8,0.3,3,2.1,19.7,NA
154,Kyle Kuzma,29,MIL,PF,12,11,403,5.9,13.1,0.449,1.5,4.6,0.327,4.4,8.5,0.516,0.507,2.9,4.3,0.688,0.8,7.1,8,2.6,0.4,0.3,2.5,2.1,16.3,NA
155,Jalen Johnson,23,ATL,SF,36,36,1284,7.6,15.2,0.5,1.2,4,0.312,6.4,11.2,0.566,0.541,2.6,3.5,0.746,1.7,8.3,10.1,5.1,1.6,1,3,1.9,19.1,NA
156,Brandin Podziemski,21,GSW,SG,50,19,1270,5.4,12.7,0.427,1.9,6,0.319,3.5,6.6,0.526,0.503,1.6,2.1,0.757,1.5,5.4,6.9,4.8,1.5,0.3,1.5,2.1,14.3,NA
157,Jabari Smith Jr.,21,HOU,PF,41,37,1266,4.7,11.3,0.419,1.9,5.6,0.343,2.8,5.7,0.493,0.504,2.1,2.6,0.824,2.2,5.5,7.8,1.1,0.3,1,1.1,2.8,13.6,NA
158,LaMelo Ball,23,CHO,PG,39,39,1265,10,24.5,0.408,4.3,12.9,0.336,5.7,11.7,0.488,0.497,4.7,5.7,0.824,1.1,4.8,5.9,7.7,1.3,0.3,4,3.7,29,NA
159,Naji Marshall,27,DAL,SF,50,16,1263,6.4,12.8,0.497,1.3,4.4,0.284,5.1,8.4,0.609,0.546,2.2,2.6,0.844,1.4,4.7,6.1,3.8,1.5,0.2,2.1,2.2,16.1,NA
160,Grayson Allen,29,PHO,SG,50,3,1239,4.9,11.1,0.444,3.5,8.3,0.428,1.4,2.8,0.49,0.603,2,2.4,0.821,0.8,3.9,4.7,3.1,1.3,0.5,1.5,2.2,15.4,NA
161,Alex Sarr,19,WAS,C,46,46,1236,5.9,15,0.396,2,6.4,0.314,3.9,8.6,0.458,0.463,1.9,2.9,0.634,2.3,6.3,8.7,3,0.9,2,1.8,3.1,15.8,NA
162,Miles McBride,24,NYK,PG,52,1,1233,4.9,11.9,0.415,2.5,6.9,0.366,2.4,5,0.483,0.521,1.3,1.5,0.849,1.2,2.6,3.8,3.9,1.4,0.4,1,2.2,13.7,NA
163,A.J. Green,25,MIL,SG,54,6,1231,4.2,9.7,0.432,3.5,8.3,0.428,0.6,1.4,0.458,0.615,0.6,0.6,0.905,0.4,3.3,3.7,2.1,0.8,0.2,0.8,3.5,12.5,NA
164,D'Angelo Russell,28,2TM,PG,48,26,1221,6.2,15.4,0.402,2.7,8.4,0.325,3.4,7,0.494,0.49,2.9,3.4,0.87,0.4,3.4,3.8,7.1,1.4,0.6,2.7,2.7,18.1,NA
164,D'Angelo Russell,28,LAL,PG,29,10,763,6.1,14.7,0.415,2.6,7.9,0.333,3.4,6.7,0.51,0.505,2.1,2.5,0.849,0.4,3.4,3.8,6.4,1.1,0.2,2.4,2.5,16.9,NA
164,D'Angelo Russell,28,BRK,PG,19,16,458,6.4,16.7,0.382,2.9,9.3,0.314,3.5,7.4,0.468,0.469,4.3,4.9,0.887,0.6,3.3,3.9,8.3,1.8,1.2,3.3,3,20,NA
165,Scotty Pippen Jr.,24,MEM,PG,61,17,1219,6.1,12.9,0.471,1.7,4.8,0.354,4.4,8.2,0.54,0.537,2.5,3.6,0.691,1.4,4.4,5.9,7.6,2.1,0.6,3.2,4.5,16.4,NA
166,Caris LeVert,30,2TM,SG,49,3,1213,6,12.9,0.468,2.3,6.1,0.382,3.7,6.7,0.546,0.559,2.3,3.3,0.705,0.9,3.5,4.5,5,1.3,0.7,1.8,2.1,16.7,NA
166,Caris LeVert,30,CLE,SF,38,3,904,5.4,11.9,0.453,2.4,5.9,0.405,3,6,0.5,0.554,2.3,3.3,0.699,0.9,3.4,4.3,5.6,1.3,0.8,2,1.9,15.5,NA
166,Caris LeVert,30,ATL,SG,11,0,309,7.9,15.8,0.5,2.2,6.9,0.322,5.7,9,0.636,0.57,2.4,3.4,0.724,1,4,5,3.5,1.3,0.6,1,2.8,20.5,NA
167,Deandre Ayton,26,POR,C,40,40,1206,7.9,14,0.566,0.2,1,0.188,7.7,13,0.594,0.573,1.2,1.8,0.667,3.7,8.4,12.1,1.9,0.9,1.2,2.1,2.6,17.2,NA
168,Goga Bitadze,25,ORL,C,53,41,1198,5.4,8.6,0.624,0.1,0.7,0.091,5.3,8,0.668,0.627,2,3.2,0.638,4.1,7.8,11.8,3.3,1.2,2.6,1.9,3.5,12.8,NA
169,Donte DiVincenzo,28,MIN,SG,45,9,1188,5.2,12.8,0.408,3.8,9.7,0.394,1.4,3.1,0.451,0.557,1.3,1.6,0.827,0.7,4.4,5.1,5,1.8,0.2,2.2,2.3,15.5,NA
170,Isaiah Hartenstein,26,OKC,C,42,40,1186,6.1,10.6,0.571,0,0.4,0,6.1,10.2,0.595,0.571,1.7,2.6,0.655,3.9,10.6,14.4,5.1,1,1.4,2.2,3.8,13.9,NA
171,Jonas Valančiūnas,32,2TM,C,60,14,1182,8.4,15.3,0.549,0.2,0.9,0.276,8.1,14.4,0.566,0.557,3.5,4,0.878,4.6,10.1,14.6,3.9,0.9,1.1,3,3.8,20.5,NA
171,Jonas Valančiūnas,32,WAS,C,49,12,983,8.5,15.5,0.547,0.3,1,0.259,8.2,14.5,0.567,0.556,3.5,3.9,0.896,4.4,10.4,14.8,4,0.8,1,3.2,3.6,20.7,NA
171,Jonas Valančiūnas,32,SAC,C,11,2,199,8,14.3,0.557,0.2,0.4,0.5,7.8,13.9,0.558,0.563,3.6,4.5,0.8,5.4,8.5,13.9,3.6,1.6,1.6,1.8,5.2,19.7,NA
172,Patrick Williams,23,CHI,PF,45,35,1179,4.4,11.8,0.375,2.2,6.2,0.351,2.3,5.6,0.4,0.466,1.5,2,0.769,1,4.5,5.5,2.8,1,0.8,1.8,1.8,12.5,NA
173,Peyton Watson,22,DEN,SF,49,12,1175,4.3,9.2,0.468,1,2.9,0.337,3.3,6.3,0.529,0.522,2.3,3.2,0.738,1.2,4,5.1,2.2,1.3,1.8,1.3,2.5,11.9,NA
174,Bobby Portis,29,MIL,PF,46,7,1160,8,17.3,0.463,1.9,5.1,0.364,6.1,12.2,0.505,0.517,1.7,2.1,0.821,2.6,9.3,11.9,3.2,1,0.8,1.7,2.7,19.6,NA
175,John Collins,27,UTA,PF,38,29,1158,8.1,15.2,0.532,1.7,4.2,0.418,6.3,11,0.575,0.589,4.1,4.8,0.852,2.5,7.1,9.6,2.4,1.2,1.2,3.1,3.5,22,NA
176,Dalton Knecht,23,LAL,SF,58,12,1157,5.9,12.8,0.463,2.9,8,0.364,3,4.7,0.632,0.578,1.6,2,0.785,0.9,4.4,5.3,1.5,0.7,0.1,0.9,2.2,16.3,NA
177,Nikola Jović,21,MIA,PF,46,10,1156,5.4,11.7,0.456,2.4,6.5,0.371,2.9,5.2,0.563,0.56,2.2,2.7,0.828,0.8,4.8,5.6,4.1,1.2,0.4,1.9,2.6,15.4,NA
178,Ziaire Williams,23,BRK,SF,48,30,1148,4.9,12.2,0.403,2.2,6.6,0.327,2.8,5.6,0.492,0.491,2.6,3.1,0.82,1.6,5.5,7.1,2.1,1.5,0.6,1.5,3.6,14.6,NA
179,Jake LaRavia,23,2TM,PF,57,0,1143,4.2,8.9,0.472,1.5,3.6,0.417,2.7,5.3,0.509,0.557,2.2,3.2,0.676,2.6,4.8,7.3,4.6,1.6,0.7,2.5,3.5,12.1,NA
179,Jake LaRavia,23,MEM,PF,47,0,982,4.3,8.8,0.49,1.5,3.3,0.444,2.9,5.5,0.517,0.573,2.5,3.5,0.698,2.5,5.1,7.5,4.9,1.6,0.7,2.5,3.4,12.6,NA
179,Jake LaRavia,23,SAC,PF,10,0,161,3.4,9.2,0.366,1.8,5.6,0.32,1.6,3.6,0.438,0.463,0.4,1.3,0.333,3.1,2.9,6,2.7,1.6,0.4,2.2,4.5,8.9,NA
180,Clint Capela,30,ATL,C,53,41,1142,6.7,11.9,0.564,0,0,0,6.7,11.8,0.565,0.564,1.6,3.1,0.536,5.3,9,14.2,1.9,1,1.6,1.5,3.3,15,NA
181,Ty Jerome,27,CLE,SG,58,2,1140,7.9,15.6,0.507,2.9,6.5,0.44,5.1,9.1,0.556,0.599,3.4,3.8,0.899,1.4,3.4,4.8,6.1,2.3,0,2.3,2.7,22.1,NA
182,Isaiah Stewart,23,DET,C,57,3,1133,4.3,7.8,0.543,0.4,1.3,0.293,3.9,6.5,0.592,0.567,1.7,2.2,0.765,3.5,6.8,10.2,3,0.6,2.4,1.7,4.5,10.5,NA
183,Moses Moody,22,GSW,SG,55,15,1132,5.7,12.8,0.443,3,7.7,0.383,2.7,5.1,0.534,0.558,2.3,3.1,0.76,1,3.1,4.2,2,1,0.7,1.1,2.6,16.7,NA
184,Isaiah Joe,25,OKC,SG,55,11,1131,5.8,13.3,0.432,4.2,10.5,0.399,1.6,2.8,0.557,0.589,0.7,1,0.719,0.9,3.5,4.4,2.4,1.2,0.3,0.8,2.9,16.5,NA
185,Kevin Huerter,26,2TM,SG,52,16,1122,5.2,12.8,0.404,2.8,8.6,0.325,2.4,4.2,0.565,0.513,0.9,1.2,0.73,0.8,3.8,4.6,3.1,1.5,0.5,1.5,2.8,14,NA
185,Kevin Huerter,26,SAC,SG,43,15,899,5.1,12.4,0.413,2.5,8.2,0.302,2.6,4.2,0.629,0.513,0.8,1.1,0.714,0.8,4,4.8,3,1.4,0.6,1.5,2.8,13.5,NA
185,Kevin Huerter,26,CHI,SG,9,1,223,5.3,14.4,0.371,4,10.2,0.397,1.3,4.2,0.308,0.511,1.1,1.5,0.778,1,2.9,3.9,3.6,1.6,0.2,1.6,2.7,15.8,NA
186,Ja Morant,25,MEM,PG,38,38,1119,8.7,20.2,0.431,1.8,6.3,0.284,6.9,13.9,0.498,0.475,6.4,7.6,0.839,0.7,4.2,5,9,1.5,0.4,4.8,2.7,25.6,NA
187,Javonte Green,31,2TM,SG,52,18,1116,3.4,7.5,0.459,1.3,3.6,0.36,2.1,3.9,0.55,0.545,1.6,2.2,0.739,1.6,4.4,6,1.5,1.8,1,0.9,2.5,9.8,NA
187,Javonte Green,31,NOP,SG,50,18,1092,3.3,7.4,0.446,1.3,3.6,0.352,2,3.8,0.534,0.531,1.6,2.2,0.758,1.6,4.3,5.9,1.5,1.8,1,0.9,2.5,9.5,NA
187,Javonte Green,31,CLE,SG,2,0,24,9,10.5,0.857,3,4.5,0.667,6,6,1,1,1.5,4.5,0.333,1.5,12,13.5,3,0,0,1.5,3,22.5,NA
188,Luka Dončić,25,2TM,PG,32,32,1116,9.4,21,0.445,3.4,9.9,0.339,6,11.1,0.541,0.525,5.6,7.4,0.755,0.8,7.7,8.5,8.2,2,0.5,3.7,2.8,27.6,NA
188,Luka Dončić,25,DAL,PG,22,22,785,9.9,21.4,0.464,3.4,9.7,0.354,6.5,11.6,0.555,0.544,5.1,6.7,0.767,0.7,7.7,8.4,7.9,2,0.4,3.4,2.7,28.4,NA
188,Luka Dončić,25,LAL,PG,10,10,331,8,20.1,0.4,3.2,10.3,0.305,4.9,9.8,0.5,0.478,6.6,9,0.735,1.1,7.7,8.8,8.8,2.1,0.5,4.4,3.2,25.9,NA
189,Daniel Gafford,26,DAL,C,51,28,1115,8.2,11.7,0.699,0,0,NA,8.2,11.7,0.699,0.699,3.9,5.6,0.699,4.5,6.8,11.3,2.4,0.7,3.1,2,4.4,20.2,NA
190,Obi Toppin,26,IND,PF,58,0,1112,7.3,13.6,0.533,2.3,6.6,0.346,5,7,0.712,0.618,2.1,2.6,0.8,1.3,6.2,7.5,2.9,1.2,0.6,1.6,2.7,18.9,NA
191,Jimmy Butler,35,2TM,SF,36,36,1107,6.4,12.5,0.512,0.5,1.9,0.281,5.9,10.7,0.552,0.532,6.6,8,0.829,2.7,3.4,6,5.8,1.3,0.4,1.4,1.2,20,NA
191,Jimmy Butler,35,MIA,PF,25,25,766,6.7,12.4,0.54,0.6,1.7,0.361,6.1,10.7,0.568,0.565,6.1,7.6,0.801,2.6,3.6,6.2,5.6,1.3,0.5,1.4,1.1,20,NA
191,Jimmy Butler,35,GSW,SF,11,11,341,5.8,12.9,0.451,0.3,2.2,0.143,5.5,10.7,0.515,0.463,7.9,9,0.882,2.9,3,5.8,6.2,1.5,0.3,1.4,1.4,19.8,NA
192,Sam Hauser,27,BOS,PF,53,12,1095,4.6,10.6,0.439,3.6,9,0.398,1.1,1.5,0.681,0.609,0.1,0.1,1,1.2,4.2,5.4,1.6,1.1,0.3,0.6,2.1,13,NA
193,Gabe Vincent,28,LAL,PG,53,8,1095,3.7,9.5,0.388,2.2,6.7,0.332,1.4,2.8,0.524,0.505,0.3,0.5,0.643,0.4,1.7,2.1,2.5,1.3,0.4,1,3.6,9.9,NA
194,Mason Plumlee,34,PHO,C,61,18,1093,3.2,5.4,0.588,0,0.1,0,3.2,5.3,0.599,0.588,2.1,3.2,0.653,3.2,9.4,12.6,3.9,0.9,1.4,1.6,4.4,8.5,NA
195,Jaime Jaquez Jr.,23,MIA,SF,49,12,1092,5.2,11.8,0.443,0.9,3.1,0.298,4.3,8.7,0.494,0.482,3.1,4,0.77,2,5.4,7.4,4.2,1.7,0.3,2.4,2.3,14.5,NA
196,Luke Kennard,28,MEM,SG,49,8,1090,5.3,11.1,0.478,3.1,6.9,0.452,2.2,4.2,0.52,0.618,1.5,1.7,0.882,1,3.6,4.6,5.6,1.1,0.1,1.7,1.4,15.2,NA
197,Brandon Clarke,28,MEM,PF,57,18,1082,6.9,11.2,0.619,0,0.6,0.059,6.9,10.6,0.649,0.621,1.7,2.4,0.685,3.8,6,9.7,2,1.5,1,1.2,4.4,15.5,NA
198,Cole Anthony,24,ORL,PG,58,20,1068,6.8,16.2,0.422,2.1,6.2,0.344,4.7,10,0.47,0.488,2.8,3.4,0.814,1.4,4.6,6,5.5,1.4,0.8,3.2,4.6,18.6,NA
199,T.J. McConnell,32,IND,PG,58,0,1064,8.5,16.2,0.521,0.4,1.4,0.317,8,14.9,0.54,0.534,1.6,2.1,0.746,1,3.8,4.8,9,2.3,0.5,2.9,2,18.9,NA
200,Jordan Hawkins,22,NOP,SG,45,6,1045,5.8,15.5,0.372,3,9,0.331,2.8,6.5,0.429,0.468,2.3,2.7,0.835,0.7,3.5,4.2,1.8,1,0.7,1.6,1.2,16.7,NA
201,Jeremy Sochan,21,SAS,PF,41,19,1045,6.5,11.9,0.551,0.7,2.1,0.339,5.8,9.7,0.597,0.581,2.2,3.1,0.703,3.3,6.4,9.7,3.6,1.2,0.8,2.3,3.4,16,NA
202,Kevin Porter Jr.,24,2TM,SG,55,2,1043,7.1,16.4,0.435,1,4.1,0.244,6.1,12.3,0.499,0.465,2.3,3.4,0.687,1.1,5.5,6.6,6.2,2,0.4,3.6,2.8,17.6,NA
202,Kevin Porter Jr.,24,LAC,SG,45,2,884,7,16.6,0.423,1.1,4.3,0.245,5.9,12.3,0.485,0.455,2,3.1,0.645,1.2,5.3,6.5,5.9,1.8,0.4,3.4,2.9,17.1,NA
202,Kevin Porter Jr.,24,MIL,SG,10,0,159,7.9,15.6,0.507,0.7,2.9,0.231,7.2,12.7,0.571,0.529,4.3,5.2,0.826,0.7,6.3,7,7.9,3.4,0,4.5,2.3,20.8,NA
203,Nicolas Batum,36,LAC,PF,60,3,1029,2.3,5.9,0.388,1.9,5,0.385,0.4,0.9,0.407,0.55,0.5,0.6,0.833,1.3,4.4,5.7,2.4,1.4,0.9,0.8,3,7.1,NA
204,Sam Merrill,28,CLE,SG,53,2,1016,4.4,11.1,0.396,3.5,9.6,0.36,0.9,1.5,0.634,0.553,1,1,0.964,1,2.8,3.8,2.7,1.3,0.4,0.8,3.4,13.2,NA
205,Dejounte Murray,28,NOP,PG,31,31,1012,6.9,17.6,0.393,1.8,6.2,0.299,5.1,11.4,0.444,0.445,3.6,4.4,0.823,0.6,6.5,7.1,8.1,2.2,0.4,3.8,2.2,19.3,NA
206,Paolo Banchero,22,ORL,PF,30,30,1012,8.8,20,0.437,1.8,6,0.306,6.9,14,0.494,0.483,6.4,9.1,0.702,1.1,6.3,7.5,5.2,0.8,0.8,3.3,2.3,25.7,NA
207,Matas Buzelis,20,CHI,SF,61,12,1011,5.7,13.2,0.435,2.1,6.3,0.335,3.6,6.9,0.526,0.515,1.9,2.3,0.831,1.5,5.2,6.7,1.7,0.6,1.9,1.6,3.5,15.5,NA
208,Tari Eason,23,HOU,PF,41,7,1008,6.8,14,0.486,1.7,4.6,0.369,5.1,9.3,0.544,0.547,2.1,2.8,0.759,3.3,5.9,9.2,2,2.8,1.3,1.7,3.7,17.4,NA
209,Jalen Suggs,23,ORL,PG,35,35,1002,7.1,17.3,0.41,2.7,8.7,0.314,4.3,8.6,0.506,0.489,3.5,4,0.882,0.8,4.2,5.1,4.6,1.8,1.2,3.7,3.5,20.4,NA
210,Zach Edey,22,MEM,C,48,40,1000,6.6,11.3,0.588,0.6,1.6,0.364,6,9.7,0.625,0.613,2.3,3.2,0.7,5.8,7.6,13.4,1.5,1,2.1,2.4,4.4,16.1,NA
211,Brandon Boston Jr.,23,NOP,SG,42,10,993,6,13.8,0.436,1.8,5.1,0.35,4.2,8.7,0.485,0.5,2.4,3.1,0.788,1,3.8,4.9,3.3,1.9,0.3,1.9,2.6,16.2,NA
212,Kyle Filipowski,21,UTA,C,52,13,992,5.6,10.7,0.517,1.7,4.3,0.387,3.9,6.4,0.605,0.595,2.1,3.3,0.62,2.5,7.5,10,3.6,1,0.3,2.4,4.1,14.8,NA
213,Ron Holland,19,DET,SF,63,1,986,5.4,11.8,0.458,1.1,4.6,0.232,4.3,7.2,0.601,0.503,2.6,3.3,0.789,1.1,4.9,6,2,1.4,0.3,1.9,4.1,14.5,NA
214,Jamal Shead,22,TOR,PG,56,1,981,4.8,11.4,0.421,1.7,5,0.343,3.1,6.4,0.483,0.497,1.1,1.4,0.744,0.5,2,2.5,7.4,1.1,0.2,3.2,4.1,12.4,NA
215,Luke Kornet,29,BOS,C,55,10,981,4.3,6.5,0.657,0,0,0,4.3,6.5,0.661,0.657,1.9,2.5,0.739,4.7,5.4,10.1,3.4,1,2.1,1,3.2,10.5,NA
216,Terance Mann,28,2TM,SG,48,12,977,4.6,9.6,0.475,1.6,3.9,0.406,3,5.7,0.523,0.557,1.1,1.8,0.625,1.8,3.3,5,3.1,1.3,0.5,1.3,3.4,11.8,NA
216,Terance Mann,28,LAC,SG,37,12,732,4.3,9.6,0.446,1.3,3.7,0.347,3,5.9,0.508,0.513,1.1,1.6,0.719,1.6,3.7,5.3,2.9,1.4,0.5,1.2,3.3,11,NA
216,Terance Mann,28,ATL,SG,11,0,245,5.4,9.7,0.561,2.5,4.6,0.548,2.9,5.1,0.571,0.689,1,2.4,0.438,2.4,2.1,4.4,3.7,0.9,0.3,1.6,3.5,14.4,NA
217,Aaron Gordon,29,DEN,PF,36,27,973,6.2,12.1,0.511,1.6,3.9,0.415,4.6,8.2,0.557,0.578,3.2,4,0.796,2.1,4.4,6.5,4.2,0.7,0.3,1.7,2.1,17.2,NA
218,Simone Fontecchio,29,DET,SF,56,0,969,4.2,11,0.383,2.1,6.6,0.315,2.1,4.3,0.487,0.478,2.2,2.7,0.811,1.4,4.8,6.3,1.9,0.9,0.4,1.7,2.6,12.7,NA
219,Cody Martin,29,CHO,SF,39,8,967,4.3,10,0.433,1.5,4.6,0.323,2.8,5.4,0.528,0.507,1.3,1.8,0.694,1.5,5.1,6.6,3.3,1.6,1,1.6,2.7,11.4,NA
220,Ryan Dunn,22,PHO,SF,55,28,965,5,11.6,0.431,1.9,6.2,0.301,3.1,5.4,0.579,0.511,0.4,0.9,0.44,1.9,4.5,6.5,1.6,0.8,1.1,0.9,4.4,12.3,NA
221,Moussa Diabaté,23,CHO,C,52,7,958,4.2,7.1,0.589,0,0.1,0,4.2,7.1,0.596,0.589,1.9,3.3,0.575,5.6,7.4,13,1.7,1.4,1.3,1.7,3.1,10.3,NA
222,Ben Sheppard,23,IND,SG,47,8,956,3.8,8.8,0.438,2.2,6,0.369,1.6,2.7,0.589,0.564,0.7,0.8,0.9,1.2,3.6,4.8,2.2,1.1,0.5,0.6,3.6,10.6,NA
223,Nick Richards,27,2TM,C,43,30,952,5.5,9.3,0.587,0,0.1,0,5.5,9.3,0.592,0.587,3.9,5.3,0.73,4,9.9,14,1.6,0.4,1.7,2.3,4.1,14.9,NA
223,Nick Richards,27,CHO,C,21,9,440,5.2,9.3,0.561,0,0.1,0,5.2,9.2,0.566,0.561,4.8,7.1,0.678,4.2,8.8,12.9,2.3,0.6,2.1,2.7,3.9,15.3,NA
223,Nick Richards,27,PHO,C,22,21,512,5.7,9.4,0.609,0,0.1,0,5.7,9.3,0.614,0.609,3.1,3.8,0.815,3.9,10.9,14.8,1,0.3,1.4,2,4.2,14.5,NA
224,Caleb Martin,29,PHI,SF,31,24,943,3.9,8.9,0.435,1.3,3.3,0.379,2.6,5.5,0.469,0.506,1.8,2.8,0.622,1.6,3.6,5.2,2.6,1.3,0.8,1.6,2.4,10.7,NA
225,Brice Sensabaugh,21,UTA,SF,51,6,932,6.8,15.5,0.443,3.4,9.3,0.371,3.4,6.2,0.55,0.554,1.7,1.9,0.918,1.2,3.9,5.1,2.6,1,0.2,2.8,2.9,18.8,NA
226,Ben Simmons,28,2TM,PG,38,24,931,4.1,7.5,0.552,0,0,NA,4.1,7.5,0.552,0.552,0.9,1.3,0.727,1.4,6.3,7.7,9.8,1.3,0.7,3.5,3.6,9.2,NA
226,Ben Simmons,28,BRK,PG,33,24,825,4.1,7.4,0.547,0,0,NA,4.1,7.4,0.547,0.547,0.8,1.1,0.692,1.3,6.2,7.5,10,1.1,0.7,3.8,3.5,8.9,NA
226,Ben Simmons,28,LAC,PG,5,0,106,4.8,8.2,0.583,0,0,NA,4.8,8.2,0.583,0.583,2,2.4,0.857,2,6.8,8.8,8.5,2.4,1,0.7,3.7,11.5,NA
227,Kristaps Porziņģis,29,BOS,C,32,32,926,8,16.9,0.474,3,7.4,0.403,5,9.5,0.529,0.562,4.5,5.6,0.813,1.9,6.5,8.4,2.4,1,2,1.5,3.5,23.6,NA
228,Tyrese Martin,25,BRK,SG,44,6,924,5.1,12.6,0.404,2.6,7.7,0.34,2.5,4.9,0.504,0.508,1.3,1.7,0.773,1.8,4.4,6.2,2.8,0.9,0.2,2.1,1.8,14.1,NA
229,Brandon Miller,22,CHO,SF,27,27,924,7.7,19.1,0.403,4.1,11.4,0.355,3.7,7.7,0.475,0.509,2.6,3.1,0.861,1,4.1,5.1,3.8,1.1,0.8,3,2.9,22.1,NA
230,Dean Wade,28,CLE,PF,42,26,921,3.2,8,0.407,2.2,6.5,0.343,1,1.5,0.684,0.547,0.5,1,0.52,1.6,6.2,7.9,2.4,1.3,0.7,0.7,3.2,9.2,NA
231,Trey Lyles,29,SAC,PF,50,2,920,4.2,10.3,0.407,2.3,6.7,0.343,1.9,3.6,0.527,0.519,1.4,1.9,0.714,2.1,6.7,8.8,2.1,1.1,0.8,1.1,2.3,12.1,NA
232,Nick Smith Jr.,20,CHO,SG,42,23,915,5.6,14.7,0.381,2.5,8,0.309,3.1,6.6,0.467,0.465,0.7,0.8,0.9,0.4,2.9,3.3,3.4,0.6,0.2,2.1,2.1,14.4,NA
233,Jose Alvarado,26,NOP,PG,39,11,914,5,12.5,0.404,3,8,0.376,2,4.5,0.452,0.524,1.5,1.8,0.822,0.7,3,3.7,6.7,2.1,0.4,1.6,2.8,14.5,NA
234,Trayce Jackson-Davis,24,GSW,C,51,37,912,6.4,11.1,0.573,0,0,0,6.4,11.1,0.575,0.573,2.1,3.4,0.605,4.3,7.1,11.4,3.8,0.9,1.4,1.6,2.7,14.8,NA
235,Andre Jackson Jr.,23,MIL,SG,55,43,898,3.4,7.3,0.467,1.2,2.9,0.397,2.2,4.4,0.514,0.547,0.4,0.7,0.556,2.3,4.3,6.6,3,1.2,0.5,2.1,4.2,8.4,NA
236,Jaden Ivey,22,DET,SG,30,30,898,7.6,16.6,0.46,2.5,6.2,0.409,5.1,10.4,0.49,0.536,3.4,4.7,0.733,1.6,3.4,5,4.8,1.1,0.4,3.6,2.7,21.2,NA
237,Ausar Thompson,22,DET,SF,41,30,896,6.8,12.2,0.559,0.3,1.3,0.212,6.5,10.9,0.601,0.571,2.1,3.6,0.596,2.9,5.3,8.2,3.9,3.1,0.8,2.2,4.4,16.1,NA
238,Kevon Looney,28,GSW,C,57,6,895,4.7,9.4,0.504,0,0.1,0,4.7,9.3,0.511,0.504,1.8,3.2,0.563,6.3,8.8,15.2,3.9,1.5,1.1,1.3,5.1,11.3,NA
239,Jonathan Isaac,27,ORL,PF,55,0,894,4.5,11,0.407,1.4,5.4,0.261,3.1,5.6,0.547,0.471,2.2,3.3,0.679,3.9,6.7,10.7,1.1,1.8,2.5,0.9,3,12.6,NA
240,Kel'el Ware,20,MIA,C,44,18,894,6.5,11.8,0.548,1.1,3.2,0.342,5.4,8.7,0.623,0.594,1.4,1.9,0.739,2.8,8.6,11.4,1.6,1,1.9,1.5,2.6,15.4,NA
241,Jarace Walker,21,IND,PF,57,2,888,4.7,10.3,0.457,1.9,5.1,0.362,2.8,5.1,0.551,0.547,1.5,2.4,0.644,0.9,6,6.9,3.2,1.9,0.9,2.4,3.6,12.8,NA
242,Tidjane Salaün,19,CHO,PF,46,8,878,3.1,9.9,0.311,1.6,5.9,0.28,1.4,4,0.357,0.394,1.8,2.5,0.71,2.2,5.7,7.9,1.9,1,0.5,1.7,2.3,9.6,NA
243,Jonathan Mogbo,23,TOR,PF,49,11,877,4.1,9.2,0.451,0.6,1.9,0.298,3.6,7.3,0.492,0.482,1.8,2.6,0.703,3.2,5.1,8.3,3.3,1.6,1,1.8,4.2,10.7,NA
244,Precious Achiuwa,25,NYK,C,39,8,877,4.7,9.1,0.52,0.4,1.2,0.31,4.4,7.9,0.552,0.541,1.3,2.1,0.62,3.4,6.4,9.9,1.7,1.4,1.3,1.3,2.5,11.1,NA
245,Bogdan Bogdanović,32,2TM,SG,34,3,873,5.3,13.8,0.383,2.8,8.8,0.315,2.5,5,0.504,0.484,1.6,1.9,0.844,0.6,3,3.6,3.3,1.2,0.3,2.1,3.5,14.9,NA
245,Bogdan Bogdanović,32,ATL,SG,24,0,598,5,13.5,0.371,2.6,8.8,0.301,2.3,4.7,0.5,0.469,1.8,2,0.882,0.7,3.3,4,2.9,1.2,0.4,2.2,3.4,14.4,NA
245,Bogdan Bogdanović,32,LAC,SG,10,3,275,5.9,14.4,0.409,3,8.8,0.343,2.9,5.6,0.512,0.514,1,1.4,0.727,0.3,2.5,2.7,4.1,1,0.3,2,3.5,15.8,NA
246,Chris Boucher,32,TOR,PF,50,0,862,7.6,15.5,0.492,2.9,8.1,0.363,4.7,7.4,0.633,0.586,2.8,3.6,0.782,2.9,6.4,9.4,1.4,1,1,1.2,2.8,21,NA
247,Ja'Kobe Walter,20,TOR,SG,43,10,860,5,12.4,0.404,1.8,5.7,0.311,3.3,6.8,0.481,0.475,2,2.7,0.738,1.7,3.4,5.1,2.3,1.3,0.3,1.7,3.3,13.8,NA
248,Noah Clowney,20,BRK,PF,37,18,853,4.7,12.6,0.375,3.1,8.8,0.354,1.6,3.8,0.422,0.498,2.2,2.5,0.85,1.5,4.6,6.1,1.3,0.8,0.8,1.6,3.7,14.7,NA
249,Jordan Clarkson,32,UTA,SG,32,9,852,7.6,18.7,0.407,3.2,8.8,0.365,4.4,9.9,0.444,0.493,4,5,0.805,0.9,3.4,4.4,5.2,1.1,0.3,2.8,2.1,22.4,NA
250,Jalen Smith,24,CHI,C,55,1,841,7,14.9,0.47,2.9,8.3,0.345,4.1,6.5,0.627,0.566,2.8,3.4,0.823,3.3,9.8,13.2,2.3,0.6,1.7,1.5,3.8,19.6,NA
251,Donovan Clingan,20,POR,C,49,19,835,5.1,9.3,0.553,0.3,1,0.292,4.8,8.2,0.586,0.57,1.7,2.8,0.625,5.9,8.8,14.6,1.8,1,3.3,2.5,5.7,12.3,NA
252,Jonathan Kuminga,22,GSW,PF,32,10,832,8.4,18.3,0.459,1.7,5,0.345,6.7,13.3,0.502,0.506,4.7,7.3,0.639,1.9,5,6.9,3,1.3,0.8,2.2,2.6,23.2,NA
253,Jeremiah Robinson-Earl,24,NOP,PF,48,6,831,4.5,9.8,0.454,1.6,4.6,0.336,2.9,5.2,0.558,0.533,1.4,1.6,0.842,3.3,5.9,9.2,2.3,1.3,0.3,1.3,2.4,11.9,NA
254,Julian Phillips,21,CHI,SF,61,3,828,4,9.2,0.441,1.6,5,0.325,2.4,4.2,0.577,0.528,2,2.7,0.738,2.2,3.1,5.3,1,1.1,0.7,1,3.6,11.7,NA
255,Max Strus,28,CLE,SF,33,20,827,4.5,10.7,0.423,3.3,8.6,0.381,1.3,2.1,0.592,0.575,0.5,0.6,0.846,1.3,4.7,6.1,4.5,0.9,0.4,1.3,3.1,12.8,NA
256,Vit Krejci,24,ATL,PG,39,15,811,4.3,9.5,0.447,2.5,6.5,0.384,1.8,3.1,0.58,0.577,0.9,1.3,0.667,0.7,4.1,4.7,4.7,1.2,0.8,1.6,3.3,11.9,NA
257,Johnny Juzang,23,UTA,SG,45,10,810,5.4,12.8,0.424,3.4,9.1,0.377,2,3.7,0.536,0.557,1.4,1.7,0.821,1.3,4.1,5.5,1.9,0.9,0.3,0.9,3.9,15.7,NA
258,Cameron Payne,30,NYK,PG,56,1,797,6.2,15.1,0.412,3.3,9,0.365,2.9,6.1,0.481,0.521,1.9,2.1,0.891,0.5,3.1,3.6,6.7,1.5,0.5,1.6,3.9,17.6,NA
259,Justin Champagnie,23,WAS,SF,42,15,777,5.7,11.2,0.504,2.1,5.5,0.378,3.6,5.7,0.626,0.597,1.6,2.3,0.714,2.9,6.1,9,1.8,1.7,1.2,1.7,3.3,15,NA
260,Lonzo Ball,27,CHI,PG,35,14,777,4.1,11.3,0.366,3.1,9,0.344,1,2.2,0.458,0.504,1,1.3,0.815,1.2,4.3,5.5,5.3,2.2,0.8,1.9,2.5,12.4,NA
261,Garrison Mathews,28,ATL,SG,44,2,776,4.5,11.2,0.397,3.7,9.5,0.39,0.7,1.7,0.432,0.562,2.9,3.6,0.818,0.6,3.2,3.8,2.6,1.2,0.6,1.3,3.6,15.5,NA
262,Mark Williams,23,CHO,C,30,27,771,8.5,14.6,0.585,0,0,0,8.5,14.6,0.587,0.585,4.6,5.9,0.778,4.3,9.5,13.8,3.2,0.9,1.7,1.7,3.5,21.7,NA
263,Eric Gordon,36,PHI,SG,39,13,768,4.1,9.6,0.426,2.6,6.4,0.409,1.5,3.1,0.463,0.564,1.7,2.3,0.75,0.4,1.8,2.2,3,1.2,0.6,1.3,1.5,12.5,NA
264,Dereck Lively II,20,DAL,C,32,25,768,5.8,8.3,0.701,0,0,NA,5.8,8.3,0.701,0.701,2.1,3.2,0.638,4.6,7.1,11.8,3.9,0.8,2.5,1.8,4.4,13.7,NA
265,Jaxson Hayes,24,LAL,C,40,19,766,4.9,6.9,0.714,0,0.1,0,4.9,6.8,0.724,0.714,2.2,3,0.734,2.6,5.9,8.6,2,1,1.9,1.5,4.4,12.1,NA
266,Vasilije Micić,31,2TM,PG,37,16,766,4.5,12.8,0.348,2.1,5.9,0.36,2.3,7,0.338,0.43,1.6,1.9,0.829,0.9,3.1,4.1,6,0.7,0,3.5,2.1,12.6,NA
266,Vasilije Micić,31,CHO,PG,36,16,764,4.5,12.9,0.348,2.1,5.9,0.36,2.4,7,0.338,0.43,1.6,1.9,0.829,0.9,3.2,4.1,6,0.7,0,3.5,2.1,12.7,NA
266,Vasilije Micić,31,PHO,PG,1,0,2,0,0,NA,0,0,NA,0,0,NA,NA,0,0,NA,0,0,0,0,0,0,0,0,0,NA
267,Dalano Banton,25,POR,PG,50,0,762,6.9,16.3,0.423,2.6,7.2,0.368,4.3,9.1,0.466,0.504,3.1,4.4,0.71,0.9,3.7,4.5,5,1.5,1.1,3,1.9,19.6,NA
268,Cody Williams,20,UTA,SG,37,12,761,2.7,8.3,0.33,1.1,4,0.282,1.6,4.3,0.374,0.398,1.3,1.7,0.75,1.1,2.8,3.9,2.4,0.9,0.5,1.6,3.3,7.9,NA
269,Seth Curry,34,CHO,SG,51,9,744,5.7,12.1,0.468,3,6.6,0.453,2.7,5.5,0.487,0.592,1,1.2,0.8,1.1,3,4.1,1.6,1.1,0.3,1.1,2.2,15.3,NA
270,Ricky Council IV,23,PHI,SF,53,4,742,5.2,13.1,0.401,1.7,5.9,0.289,3.5,7.2,0.493,0.467,3.3,4,0.817,1.7,3.8,5.5,3,1.2,0.3,1.4,1.9,15.4,NA
271,Alex Caruso,30,OKC,SG,39,1,739,4.4,10.5,0.417,2.1,6.2,0.339,2.3,4.3,0.528,0.516,0.7,0.8,0.824,1.4,3.9,5.3,5,3.2,0.9,1.2,3.6,11.5,NA
272,Kris Murray,24,POR,SF,53,2,727,4.4,9.7,0.456,1,3.9,0.266,3.4,5.7,0.586,0.51,0.8,2.1,0.405,2.7,3.3,6,2.3,1.1,0.6,1.3,2.3,10.7,NA
273,Kenrich Williams,30,OKC,PF,50,1,722,5.5,11.2,0.489,2.2,5.7,0.386,3.3,5.5,0.595,0.587,0.8,0.9,0.889,2.3,5.7,8.1,3,1.5,0.3,1.4,3.6,14,NA
274,Andre Drummond,31,PHI,C,38,21,715,5.7,11.2,0.509,0.2,0.9,0.167,5.5,10.3,0.539,0.516,2.7,4.4,0.614,5.3,9.9,15.2,1.7,2,0.8,2.8,4.6,14.2,NA
275,Jusuf Nurkić,30,2TM,C,32,26,714,4.6,10.3,0.446,1.1,3.8,0.276,3.5,6.5,0.547,0.498,3,4.4,0.69,3,11.2,14.2,3.6,1.6,1.2,3.5,4.5,13.3,NA
275,Jusuf Nurkić,30,PHO,C,25,23,592,4.5,9.9,0.454,1.2,3.6,0.322,3.3,6.3,0.529,0.512,2.9,4.2,0.696,2.8,11.1,13.9,2.9,1.4,1,3.5,4.7,13.1,NA
275,Jusuf Nurkić,30,CHO,C,7,3,122,5,12.1,0.415,0.6,5,0.118,4.4,7.1,0.625,0.439,3.5,5.3,0.667,4.1,11.5,15.6,7.4,2.4,2.1,3.5,3.5,14.2,NA
276,Dalen Terry,22,CHI,SG,56,3,711,4.3,9.3,0.459,1.1,3.4,0.328,3.1,5.9,0.534,0.519,1.9,2.8,0.679,1.5,2.6,4.2,3.4,1.4,0.7,1.9,4.2,11.5,NA
277,Zion Williamson,24,NOP,PF,25,25,711,12.2,21.6,0.564,0.2,0.7,0.231,12.1,21,0.575,0.568,6.6,10.3,0.645,3.4,5.9,9.4,6.5,1.6,1.2,3.7,3.4,31.2,NA
278,Day'Ron Sharpe,23,BRK,C,40,1,707,6.8,12.9,0.524,0.5,1.8,0.25,6.3,11.1,0.569,0.541,2.6,3.4,0.773,6.1,7.1,13.1,3.5,1.7,1.7,2.7,5,16.6,NA
279,Justin Edwards,21,PHI,SF,29,11,707,4.8,10.1,0.472,2.1,5.7,0.375,2.6,4.4,0.598,0.578,0.7,1.1,0.667,1.5,3.2,4.6,2,1.2,0.4,1.3,3.4,12.4,NA
280,Shake Milton,28,2TM,SG,46,1,705,5,10.7,0.467,1.8,4.9,0.375,3.2,5.8,0.544,0.552,2,2.6,0.8,1.2,3.2,4.4,4.6,1,0.2,1.7,2.9,13.9,NA
280,Shake Milton,28,BRK,SG,27,1,492,5.3,11.5,0.465,2,5.3,0.389,3.3,6.2,0.529,0.554,1.8,2.4,0.758,1.2,2.6,3.7,4.7,1.1,0.1,1.5,3.1,14.6,NA
280,Shake Milton,28,LAL,SG,19,0,213,4.2,9,0.472,1.4,4.1,0.333,2.9,4.9,0.586,0.547,2.5,2.9,0.882,1.4,4.6,5.9,4.4,0.8,0.3,2.2,2.4,12.3,NA
281,Neemias Queta,25,BOS,C,49,6,700,5.5,8.6,0.637,0,0.2,0,5.5,8.5,0.648,0.637,1.8,2.5,0.729,3.7,6,9.7,1.7,0.8,1.7,1.5,4.6,12.8,NA
282,Jaden Hardy,22,DAL,SG,46,3,697,6.9,16.2,0.428,3,7.8,0.384,3.9,8.4,0.469,0.521,2.1,3.2,0.672,0.4,3.3,3.7,3.3,1.1,0.3,3.3,3.7,19,NA
283,Cam Whitmore,20,HOU,SF,40,1,691,7.3,17.5,0.42,2.7,8.1,0.329,4.7,9.4,0.497,0.496,2.3,3.2,0.721,1.6,5.2,6.7,1.9,1.4,0.6,1.9,2.1,19.6,NA
284,Isaac Okoro,24,CLE,SG,36,18,690,3.8,8.7,0.44,2,5.1,0.392,1.8,3.6,0.507,0.554,1.1,1.5,0.724,1.5,2.7,4.2,2.7,1.1,0.8,0.7,3.6,10.7,NA
285,Kyle Anderson,31,2TM,PF,46,4,690,4.8,10.8,0.444,1.1,3,0.368,3.7,7.8,0.473,0.495,1.6,2.3,0.689,2.1,5.6,7.8,5.4,1.5,1.3,1.3,2.9,12.3,NA
285,Kyle Anderson,31,GSW,PF,36,3,541,5.1,11.2,0.45,1.3,3.5,0.365,3.8,7.8,0.487,0.506,1.2,1.8,0.667,1.8,5.5,7.3,5.4,1.7,1.3,1.3,2.7,12.6,NA
285,Kyle Anderson,31,MIA,SF,10,1,149,3.9,9.2,0.421,0.5,1.2,0.4,3.4,8,0.424,0.447,3.1,4.3,0.722,3.4,6,9.4,5.3,0.7,1,1.2,3.6,11.4,NA
286,Gary Payton II,32,GSW,SG,50,10,688,6.6,11.7,0.565,0.9,3.6,0.25,5.7,8.1,0.703,0.603,1.3,1.8,0.714,2.3,5.4,7.7,3.5,1.8,0.7,1.6,4.4,15.4,NA
287,Cam Thomas,23,BRK,SG,22,20,688,9.1,20.5,0.445,3.1,8.7,0.359,6,11.7,0.509,0.522,6.5,7.4,0.879,0.6,3.2,3.9,4.1,0.7,0.1,2.9,2.1,27.8,NA
288,Lindy Waters III,27,2TM,SG,44,9,684,4.2,11.4,0.369,2.7,8.4,0.327,1.5,3.1,0.483,0.488,0.4,0.6,0.727,0.9,4.3,5.2,2.3,1.3,0.5,0.9,3.1,11.6,NA
288,Lindy Waters III,27,GSW,SG,38,9,655,4.2,11.3,0.371,2.7,8.1,0.331,1.5,3.1,0.474,0.49,0.4,0.6,0.727,0.9,4.5,5.3,2.3,1.2,0.5,0.9,3,11.5,NA
288,Lindy Waters III,27,DET,SG,6,0,29,5,14.9,0.333,3.7,13.7,0.273,1.2,1.2,1,0.458,0,0,NA,1.2,0,1.2,1.2,2.5,0,1.2,3.7,13.7,NA
289,Khris Middleton,33,2TM,SF,29,13,681,7,14.1,0.5,2.1,5.6,0.381,4.9,8.5,0.578,0.575,3.1,3.6,0.853,0.4,5.5,5.9,6.8,1.4,0.4,2.5,3.5,19.2,NA
289,Khris Middleton,33,MIL,SF,23,7,534,7.3,14.2,0.512,2.4,5.8,0.407,4.9,8.4,0.584,0.595,2.6,3.1,0.848,0.3,5.4,5.7,6.9,1.1,0.3,2.5,3.5,19.6,NA
289,Khris Middleton,33,WAS,SF,6,6,147,6.1,13.5,0.455,1.2,4.7,0.263,4.9,8.8,0.556,0.5,4.7,5.4,0.864,0.5,5.9,6.4,6.6,2.4,0.7,2.7,3.4,18.1,NA
290,Thomas Bryant,27,2TM,C,45,5,680,6.4,12,0.529,1.9,5.2,0.354,4.5,6.8,0.664,0.606,1.7,2.1,0.825,3.5,6.4,9.8,2.5,1.1,1.3,1.2,2.6,16.3,NA
290,Thomas Bryant,27,MIA,C,10,0,115,3.8,8.8,0.429,1.9,5.3,0.353,1.9,3.4,0.545,0.536,3.4,3.4,1,1.9,8.1,10,1.3,0.3,2.8,0.6,2.8,12.8,NA
290,Thomas Bryant,27,IND,C,35,5,565,6.9,12.7,0.543,1.8,5.2,0.354,5,7.5,0.675,0.616,1.4,1.8,0.759,3.8,6,9.8,2.8,1.2,1,1.3,2.6,17,NA
291,KJ Martin,24,2TM,PF,32,13,680,4.7,7.7,0.603,0.7,2,0.342,4,5.7,0.694,0.647,1.5,2.1,0.744,1.4,3.9,5.2,1.5,0.8,1,1,4,11.5,NA
291,KJ Martin,24,PHI,PF,24,7,480,4.6,7.4,0.616,0.6,1.6,0.381,4,5.9,0.679,0.657,1.8,2.2,0.828,1.6,3.8,5.4,1.4,0.8,1.2,0.9,4.6,11.5,NA
291,KJ Martin,24,UTA,SF,8,6,200,4.9,8.5,0.574,0.9,3.1,0.294,4,5.4,0.733,0.628,0.9,1.8,0.5,0.9,4,4.9,1.6,0.7,0.5,1.3,2.5,11.5,NA
292,Tre Jones,25,2TM,PG,39,2,670,4.5,8.8,0.515,0.7,2,0.342,3.8,6.7,0.568,0.555,2.4,2.9,0.815,1.2,3.4,4.6,7.5,1.5,0.4,1.5,2.3,12.1,NA
292,Tre Jones,25,SAS,PG,28,0,450,3.6,7.4,0.484,0.6,2.1,0.308,3,5.4,0.552,0.527,2,2.6,0.758,1.2,3.4,4.6,8.3,1.4,0.4,1.7,2.6,9.8,NA
292,Tre Jones,25,CHI,PG,11,2,220,6.4,11.5,0.557,0.8,2,0.417,5.6,9.5,0.586,0.593,3.1,3.4,0.905,1.3,3.3,4.6,5.7,1.5,0.3,1,1.5,16.7,NA
293,Drew Eubanks,27,2TM,C,46,4,657,5.5,9.3,0.592,0.2,0.3,0.5,5.3,8.9,0.595,0.601,2.2,3.5,0.651,2.8,7.7,10.5,2.6,0.6,1.9,1.8,2.8,13.4,NA
293,Drew Eubanks,27,UTA,C,37,4,568,5.6,9.2,0.607,0.2,0.3,0.6,5.4,8.9,0.607,0.617,2.3,3.6,0.632,2.5,8.1,10.6,2.9,0.6,2,2,2.9,13.6,NA
293,Drew Eubanks,27,LAC,C,9,0,89,4.9,9.7,0.5,0,0.4,0,4.9,9.3,0.522,0.5,2,2.4,0.833,4.4,5.3,9.7,1.2,0.4,1.2,0.8,2,11.7,NA
294,Immanuel Quickley,25,TOR,PG,23,23,654,6.8,16.2,0.42,3,7.9,0.375,3.9,8.3,0.464,0.512,4.3,5,0.857,0.4,3.7,4.1,6.9,0.6,0.2,2.3,2.6,20.9,NA
295,Herbert Jones,26,NOP,SF,20,20,648,4.2,9.6,0.436,1.2,4,0.306,2.9,5.6,0.53,0.5,1.8,2.2,0.825,1.2,3.1,4.3,3.6,2.1,0.5,1.9,3.7,11.4,NA
296,Zach Collins,27,2TM,PF,45,10,645,5.6,11.4,0.493,1.1,4,0.278,4.5,7.4,0.609,0.541,3,3.5,0.871,3.7,5.9,9.5,4.1,1.3,1.1,2,5.3,15.4,NA
296,Zach Collins,27,SAS,C,36,4,425,5.2,11.2,0.462,1.2,3.9,0.304,4,7.3,0.547,0.515,2.6,3,0.886,3.2,5.3,8.6,4.4,1.2,1.3,1.9,5.9,14.1,NA
296,Zach Collins,27,CHI,PF,9,6,220,6.5,11.9,0.548,1,4.3,0.231,5.6,7.7,0.723,0.589,3.8,4.4,0.852,4.6,6.9,11.5,3.4,1.5,0.8,2,4.1,17.8,NA
297,Alec Burks,33,MIA,SG,36,4,637,4.1,10,0.407,3.1,7.3,0.419,1,2.7,0.375,0.559,1.8,2.3,0.756,0.7,4.7,5.5,2.3,1.2,0.3,0.9,1.5,12.9,NA
298,Maxi Kleber,33,DAL,PF,34,4,637,2.1,5.4,0.385,0.7,2.8,0.265,1.4,2.7,0.511,0.453,0.9,1.2,0.762,1.4,4,5.4,2.4,0.5,1,1.3,3.7,5.8,NA
299,Marcus Sasser,24,DET,PG,47,0,636,5.8,12.6,0.464,2.4,6.6,0.368,3.4,5.9,0.571,0.561,1.5,1.8,0.839,0.8,2.2,3,5.9,1.6,0.2,2.3,3.5,15.6,NA
300,Kyle Lowry,38,PHI,PG,33,12,623,2.3,6.4,0.351,1.6,4.8,0.337,0.6,1.6,0.393,0.477,1.6,1.9,0.818,0.6,3.1,3.8,5.4,1.8,0.6,1.2,3.5,7.7,NA
301,Daniel Theis,32,NOP,C,38,9,621,3.5,7.5,0.473,0.5,2.1,0.243,3,5.3,0.565,0.508,1.8,2.1,0.838,2.6,7,9.5,3.5,1,1.2,1.4,4.1,9.4,NA
302,Oso Ighodaro,22,PHO,PF,44,2,609,3.7,6.4,0.574,0,0.1,0,3.7,6.3,0.585,0.574,1.1,2.1,0.528,2.1,5.9,7.9,2.4,1.1,0.9,1.4,3.7,8.5,NA
303,Aaron Nesmith,25,IND,SF,26,18,609,5.6,11.3,0.497,2.2,5.8,0.388,3.4,5.5,0.613,0.597,2.4,2.7,0.911,1.1,4.7,5.7,2.1,0.9,0.7,1.2,3.9,15.9,NA
304,Jett Howard,21,ORL,SF,52,0,599,4.9,13.3,0.367,2.9,9.6,0.306,1.9,3.7,0.525,0.477,0.9,1.2,0.75,1.2,2.5,3.7,2.4,0.8,0.6,1.6,3.3,13.6,NA
305,Brandon Ingram,27,NOP,SF,18,18,595,9.4,20.1,0.465,2.6,7,0.374,6.8,13.2,0.514,0.53,2.8,3.3,0.855,1,5,6.1,5.6,1,0.7,4.2,2.7,24.2,NA
306,Jared McCain,20,PHI,SG,23,8,592,7.7,16.7,0.46,3.1,8.1,0.383,4.6,8.6,0.532,0.553,3,3.4,0.875,0.8,2.6,3.4,3.6,0.9,0,2.3,2.3,21.4,NA
307,Olivier-Maxence Prosper,22,DAL,PF,52,4,584,4.3,10.7,0.402,0.7,3.1,0.235,3.6,7.6,0.472,0.437,3,4.7,0.645,2.7,5.1,7.8,2.5,1.6,0.4,0.9,1.7,12.4,NA
308,Jay Huff,26,MEM,C,49,1,580,7.4,14.3,0.522,4,9.5,0.418,3.5,4.8,0.727,0.661,2.3,3,0.771,1.4,4.7,6.1,1.9,0.7,2.6,1.7,3.8,21.2,NA
309,Joel Embiid,30,PHI,C,19,19,574,8.8,19.8,0.444,1.4,4.8,0.299,7.3,14.9,0.492,0.481,9.3,10.6,0.882,2.3,7.5,9.7,5.3,0.9,1.1,3.9,2.6,28.3,NA
310,Aaron Holiday,28,HOU,PG,46,3,571,4.9,11.5,0.423,2.7,7.4,0.368,2.1,4.1,0.523,0.541,1.6,1.9,0.867,0.6,2.9,3.5,3.5,1.1,0.4,1.7,3.1,14.1,NA
311,Kawhi Leonard,33,LAC,SF,20,20,569,9,19.4,0.466,2.3,6.2,0.378,6.7,13.2,0.507,0.526,2.5,3.2,0.78,1.2,5.1,6.3,3.4,1.5,0.6,2.7,1.8,22.9,NA
312,Moritz Wagner,27,ORL,C,30,1,564,8.9,15.9,0.562,1.7,4.8,0.36,7.2,11.1,0.649,0.616,5,7,0.718,2.6,6.9,9.4,2.7,1.5,0.8,3.1,3.5,24.6,NA
313,Malcolm Brogdon,32,WAS,PG,24,13,564,6.6,15.3,0.433,1,3.6,0.286,5.6,11.7,0.478,0.467,5.2,5.9,0.88,1.3,4.5,5.8,6.3,0.8,0.3,2.4,1.9,19.5,NA
314,Ajay Mitchell,22,OKC,SG,34,1,561,5.4,10.7,0.506,1.4,3.3,0.431,4,7.4,0.539,0.572,1.8,2.1,0.848,1.1,3.2,4.3,3.7,1.5,0.2,1.8,3.8,14,NA
315,Cam Reddish,25,LAL,SF,31,8,560,2.4,5.5,0.43,0.8,2.9,0.289,1.5,2.6,0.585,0.506,1,1.7,0.615,1,3,4,1.4,2,0.6,0.8,2.8,6.6,NA
316,Kelly Olynyk,33,2TM,C,31,9,557,5.6,11.3,0.497,1.7,3.8,0.441,3.9,7.5,0.526,0.571,3.3,4.2,0.785,2.7,6.6,9.3,5,1.2,0.7,3.1,5.2,16.2,NA
316,Kelly Olynyk,33,TOR,C,24,2,383,5.5,11.1,0.5,1.8,4,0.442,3.8,7,0.533,0.581,3.2,4,0.791,2.3,6,8.4,5.3,1.5,0.8,3.3,5.5,16.1,NA
316,Kelly Olynyk,33,NOP,C,7,7,174,5.8,11.8,0.491,1.4,3.3,0.438,4.3,8.5,0.512,0.553,3.5,4.6,0.773,3.5,7.9,11.4,4.3,0.6,0.6,2.7,4.3,16.6,NA
317,Bruce Brown,28,2TM,PG,27,1,557,4.8,12,0.403,0.8,3.2,0.26,4,8.8,0.456,0.438,2.3,2.7,0.833,1.7,5,6.7,2.9,1.8,0.2,1.6,2.9,12.8,NA
317,Bruce Brown,28,TOR,PG,18,0,353,5.8,13.4,0.435,1.1,3.7,0.306,4.7,9.7,0.484,0.477,2.7,3,0.897,1.7,5.2,6.9,2.9,1.7,0.3,1.9,2.7,15.4,NA
317,Bruce Brown,28,NOP,PG,9,1,204,3.2,9.7,0.327,0.4,2.5,0.143,2.8,7.2,0.39,0.345,1.6,2.3,0.692,1.8,4.6,6.4,3,1.9,0,1.1,3.4,8.3,NA
318,Jericho Sims,26,2TM,C,47,5,548,2.6,4.1,0.629,0,0,NA,2.6,4.1,0.629,0.629,0.5,0.9,0.615,4,6.9,10.9,1.8,0.5,0.9,2,3.8,5.6,NA
318,Jericho Sims,26,NYK,C,39,5,422,2.4,3.9,0.609,0,0,NA,2.4,3.9,0.609,0.609,0.7,1.1,0.615,4.4,6.7,11,1.9,0.7,0.9,1.8,3.9,5.5,NA
318,Jericho Sims,26,MIL,C,8,0,126,3.1,4.6,0.688,0,0,NA,3.1,4.6,0.688,0.688,0,0,NA,2.9,7.7,10.6,1.4,0,1.1,2.6,3.4,6.3,NA
319,Steven Adams,31,HOU,C,44,2,543,4,7.8,0.508,0,0.1,0,4,7.8,0.513,0.508,2.1,4.6,0.449,7.5,7.1,14.6,3.5,0.9,1.3,2.5,2.8,10,NA
320,Reed Sheppard,20,HOU,PG,45,1,536,4.4,13.2,0.332,2.1,7.5,0.279,2.3,5.7,0.4,0.411,0.9,1.1,0.813,1.1,3.2,4.2,3.6,1.9,1,1.9,2.8,11.7,NA
321,Jabari Walker,22,POR,SF,46,1,532,5.5,10.5,0.523,1.2,3.5,0.346,4.3,7,0.612,0.581,2.2,3.3,0.653,2.7,7.6,10.4,2,1.8,0.4,1.6,4.4,14.3,NA
322,Talen Horton-Tucker,24,CHI,SG,45,0,532,6.6,14.8,0.45,2.4,6.4,0.372,4.3,8.4,0.508,0.53,2.6,3.7,0.691,1,4.4,5.4,4.2,1.1,0.7,2.2,3.2,18.2,NA
323,Jaylin Williams,22,OKC,PF,33,5,530,4.1,10.3,0.404,2.4,7.2,0.34,1.7,3.1,0.556,0.523,0.8,0.9,0.923,2.6,9.3,11.9,5,0.9,1.4,1.4,3.6,11.5,NA
324,DeAndre Jordan,36,DEN,C,46,2,528,4.7,7.2,0.651,0,0,NA,4.7,7.2,0.651,0.651,1,2.5,0.405,4.4,10.2,14.6,2.5,0.8,1.4,2.3,3.8,10.4,NA
325,Monte Morris,29,PHO,PG,40,0,522,4.8,11.8,0.404,1.5,5,0.301,3.2,6.8,0.48,0.468,2.3,2.8,0.85,0.7,3.2,3.9,4.6,1.2,0.2,1.2,1.4,13.4,NA
326,Marcus Smart,30,2TM,PG,25,6,516,5.2,13.3,0.387,2.6,7.8,0.33,2.6,5.5,0.468,0.484,2.7,3.2,0.826,1,2.7,3.8,5.9,2.1,0.4,3.1,3,15.6,NA
326,Marcus Smart,30,MEM,PG,19,6,400,4.8,13.3,0.358,2.6,8.1,0.322,2.2,5.2,0.414,0.456,2.7,3.2,0.833,1.3,2.6,3.9,6.4,2.1,0.5,3.2,2.8,14.9,NA
326,Marcus Smart,30,WAS,PG,6,0,116,6.5,13.3,0.488,2.5,6.8,0.364,4,6.5,0.619,0.581,2.5,3.1,0.8,0.3,3.1,3.4,4,2.2,0,3.1,3.7,18,NA
327,Gui Santos,22,GSW,PF,38,1,510,3.9,8.4,0.462,1.8,4.9,0.357,2.1,3.5,0.612,0.567,1.4,1.9,0.741,3.2,4.6,7.8,3.8,1.3,0.5,1.9,4.3,10.9,NA
328,Tosan Evbuomwan,23,BRK,SF,21,0,501,5.1,11.8,0.433,1.1,4,0.291,4,7.8,0.505,0.482,2.9,3.8,0.755,1.8,4.3,6.1,2.4,1.1,0.5,2.2,2.8,14.2,NA
329,Josh Okogie,26,2TM,SG,32,2,500,5.7,12,0.473,1.8,4.7,0.385,3.9,7.3,0.529,0.548,2.7,3.7,0.725,3,4,6.9,1.7,2.9,1.1,1.8,2.8,15.8,NA
329,Josh Okogie,26,PHO,SG,25,1,351,5.7,11.7,0.491,1.6,4.3,0.381,4.1,7.4,0.556,0.561,2.3,3.3,0.688,3.3,4.1,7.4,1.4,2.2,1,1.6,2.9,15.4,NA
329,Josh Okogie,26,CHO,SG,7,1,149,5.6,12.8,0.434,2.2,5.6,0.391,3.4,7.2,0.467,0.519,3.6,4.6,0.789,2.2,3.6,5.8,2.4,4.6,1.2,2.2,2.7,16.9,NA
330,Svi Mykhailiuk,27,UTA,SF,25,12,496,6.3,16.1,0.392,3.8,11,0.344,2.5,5.2,0.493,0.509,1.4,1.7,0.792,0.9,3.4,4.4,3.6,1.1,0.4,2.9,2.3,17.8,NA
331,Pelle Larsson,23,MIA,SG,39,1,495,4,8.7,0.458,1.5,4.3,0.339,2.5,4.4,0.574,0.542,1.8,2.8,0.658,1.1,3.1,4.1,2.7,1.1,0.3,1,5,11.3,NA
332,DaQuan Jeffries,27,CHO,SG,26,3,494,3.4,9,0.379,1.3,5,0.261,2.1,4,0.527,0.452,0.8,0.9,0.846,1.7,3.7,5.5,2,1.1,0.7,1.2,3.7,9,NA
333,Micah Potter,26,UTA,C,28,9,492,3,6.7,0.446,1.9,5.1,0.371,1.1,1.6,0.682,0.587,0.8,0.9,0.917,2.4,6.1,8.5,1.7,0.6,0.7,1.5,2.6,8.7,NA
334,Jamison Battle,23,TOR,SF,39,0,491,5.5,12,0.46,3.8,9,0.423,1.7,2.9,0.575,0.62,0.9,1,0.857,1.5,3.7,5.2,2.4,0.4,0.4,0.9,3.2,15.7,NA
335,Ryan Rollins,22,MIL,PG,39,8,487,5.5,12.1,0.451,1.8,5.1,0.348,3.7,7,0.526,0.524,1.5,1.8,0.833,1.2,3.5,4.7,3.8,2.1,1,2.4,3.9,14.2,NA
336,Gary Harris,30,ORL,SG,31,2,480,2.5,7,0.366,1.7,5.3,0.324,0.8,1.7,0.5,0.489,0.5,0.7,0.6,1.1,1.7,2.8,1.2,1.4,0.6,0.9,2.2,7.3,NA
337,Grant Williams,26,CHO,PF,16,7,479,4.1,9.2,0.439,2,5.6,0.365,2,3.7,0.551,0.549,2.3,2.8,0.838,1.4,4.8,6.2,2.8,1.4,1,2.1,3.5,12.5,NA
338,Rob Dillingham,20,MIN,PG,39,1,478,6.7,14.9,0.449,1.9,5.3,0.357,4.8,9.6,0.5,0.513,0.6,1.1,0.533,0.9,2.6,3.5,7,1.4,0.1,3.5,2.7,15.9,NA
339,Chet Holmgren,22,OKC,C,18,18,474,7.1,14.4,0.495,1.7,4.9,0.359,5.4,9.6,0.563,0.555,4.5,5.9,0.756,2.4,9.2,11.6,2.7,1.3,3.7,2.7,2.7,20.5,NA
340,Adem Bona,21,PHI,C,43,1,472,3.7,5.4,0.69,0,0,NA,3.7,5.4,0.69,0.69,2.6,4,0.642,3.4,5.8,9.2,1,0.7,2.4,2.2,6.2,10.1,NA
341,Jae'Sean Tate,29,HOU,SF,41,2,472,4.2,9.4,0.447,0.8,2.6,0.294,3.4,6.8,0.506,0.488,2.1,3.1,0.659,2.9,4.1,7,2.8,1.8,0.2,1.4,5.3,11.2,NA
342,Jared Butler,24,2TM,SG,40,1,472,8,17.2,0.467,1.4,4.6,0.317,6.6,12.6,0.521,0.509,3.4,4.3,0.786,1.4,3.4,4.7,8.2,1.1,0.5,3.1,3.6,20.8,NA
342,Jared Butler,24,WAS,PG,32,0,362,8.5,17.5,0.483,1.5,4.1,0.366,7,13.4,0.519,0.526,3.5,4.5,0.778,1.4,2.7,4.1,8.2,1.2,0.5,2.9,4,21.9,NA
342,Jared Butler,24,PHI,SG,8,1,110,6.5,16,0.408,1.3,6.2,0.211,5.2,9.8,0.533,0.449,2.9,3.6,0.818,1.3,5.6,6.9,8.2,1,0.7,3.6,2.3,17.3,NA
343,Trendon Watford,24,BRK,PF,26,0,470,6.5,14.3,0.455,1.1,3.6,0.319,5.4,10.7,0.5,0.495,3.8,4.8,0.794,1.5,5.1,6.7,4.1,1.4,0.5,3.3,4.4,18,NA
344,KJ Simpson,22,CHO,PG,23,4,470,4.5,13.5,0.335,1.2,5.7,0.216,3.3,7.8,0.422,0.381,2.3,2.8,0.811,2.1,2.9,5.1,4.6,1.5,0.3,2.5,2.7,12.6,NA
345,Larry Nance Jr.,32,ATL,PF,24,3,463,6.2,12.1,0.516,2.6,5.9,0.447,3.6,6.1,0.582,0.626,0.7,1,0.692,1.8,6.2,8,3,1.6,1,1.2,2.9,15.8,NA
346,Caleb Houstan,22,ORL,SF,40,5,460,2.9,8.6,0.336,2.4,7.4,0.326,0.5,1.2,0.4,0.477,0.8,0.9,0.909,1,2.1,3.1,1.3,0.6,0.2,0.4,3,9,NA
347,Pat Connaughton,32,MIL,SG,31,0,459,3.9,9.1,0.431,1.6,4.9,0.323,2.4,4.2,0.556,0.517,1,1.3,0.765,1.3,5.1,6.4,4,0.5,0.7,1.5,2.6,10.4,NA
348,Keaton Wallace,25,ATL,PG,26,3,421,4.6,10.9,0.425,2.1,5.8,0.368,2.5,5,0.492,0.524,0.9,0.9,1,0.5,2.6,3.1,4.8,1.9,0.7,2.4,2.7,12.3,NA
349,Delon Wright,32,2TM,PG,29,2,418,2,7.2,0.274,1,4.3,0.24,0.9,2.9,0.324,0.345,0.9,1.7,0.55,1.3,2.8,4,4.3,2.1,0.9,1.2,1.5,5.9,NA
349,Delon Wright,32,MIL,PG,26,2,405,2,7.3,0.268,1.1,4.4,0.245,0.9,2.9,0.303,0.341,0.8,1.4,0.563,1.3,2.8,4.1,4.3,2,0.8,1.2,1.5,5.8,NA
349,Delon Wright,32,NYK,PG,3,0,13,2.8,5.5,0.5,0,2.8,0,2.8,2.8,1,0.5,5.5,11.1,0.5,0,2.8,2.8,5.5,2.8,2.8,0,0,11.1,NA
350,Karlo Matković,23,NOP,PF,25,3,414,4.4,9,0.495,0.9,2.9,0.303,3.6,6.1,0.586,0.544,1.7,2.1,0.792,3.2,5.8,9,2.1,1,2.3,2.1,4.9,11.4,NA
351,John Konchar,28,MEM,SG,32,4,410,2.6,6.3,0.417,1.4,4.4,0.32,1.2,1.9,0.636,0.528,0.4,0.5,0.833,2.4,7.2,9.6,2.7,1.4,1.1,1.1,2.2,7.1,NA
352,Richaun Holmes,31,WAS,PF,23,7,410,5.8,8.3,0.695,0,0.3,0,5.8,8.1,0.717,0.695,3.4,4.1,0.83,3.4,7.8,11.2,2.8,0.4,1.6,1.6,3.2,15,NA
353,Jordan Miller,25,LAC,SF,33,0,404,5,11.6,0.431,0.7,3.3,0.216,4.3,8.3,0.516,0.462,2.3,2.9,0.788,2,3.1,5.2,2.9,1.5,0.4,2.1,2.1,13,NA
354,Zeke Nnaji,24,DEN,PF,41,3,392,4.9,9,0.541,1,3.2,0.314,3.9,5.8,0.667,0.597,1.2,2.1,0.565,1.9,3.8,5.7,1,1.3,2.2,0.6,4,11.9,NA
355,Quinten Post,24,GSW,PF,25,8,389,7,15,0.469,3.9,9.1,0.429,3.1,5.9,0.531,0.599,1.3,1.6,0.824,2.4,6.6,9,3.5,0.8,0.9,1.9,4.3,19.2,NA
356,Kessler Edwards,24,DAL,SF,32,10,384,3.3,7.3,0.449,0.8,3,0.281,2.4,4.3,0.565,0.506,0.3,0.3,1,1.5,5.6,7.1,3,1.2,1.2,0.9,3.7,7.7,NA
357,Reggie Jackson,34,PHI,PG,31,1,384,4.9,12.5,0.391,2.3,6.9,0.338,2.5,5.5,0.458,0.485,0.7,0.8,0.778,0.7,3.2,3.9,4.2,1.5,0.3,1.6,3.2,12.7,NA
358,David Roddy,23,2TM,PF,30,3,375,5,10.8,0.464,1.7,5.2,0.333,3.3,5.6,0.586,0.545,1.7,2.1,0.818,1.2,6.3,7.6,3.2,1.3,0.8,2,1.8,13.4,NA
358,David Roddy,23,ATL,PF,27,3,346,4.6,9.7,0.473,1.7,4.5,0.372,2.9,5.2,0.56,0.559,1.9,2.3,0.818,1.1,6.1,7.3,3.1,1.2,0.8,2.1,1.9,12.7,NA
358,David Roddy,23,PHI,PF,3,0,29,9.9,23.6,0.421,2.5,13.7,0.182,7.4,9.9,0.75,0.474,0,0,NA,2.5,8.7,11.2,3.7,2.5,0,1.2,1.2,22.3,NA
359,Trevelin Queen,27,ORL,SG,26,2,373,4.2,12,0.355,1.5,6.3,0.246,2.7,5.7,0.475,0.419,1.3,1.4,0.867,1.9,2.1,4.1,3.2,2.4,1,1.9,3.5,11.3,NA
360,Jaylon Tyson,22,CLE,SG,39,2,363,4.7,10,0.465,1.4,3.9,0.359,3.3,6.1,0.532,0.535,1.4,1.8,0.778,3,4.9,7.8,3.7,0.9,0.2,1.9,4.3,12.1,NA
361,Charles Bassey,24,SAS,C,34,1,363,6.7,11.5,0.586,0,0,NA,6.7,11.5,0.586,0.586,2.1,3.3,0.636,5.6,9.4,15,1.7,1.4,2.9,2.3,4.7,15.6,NA
362,Ousmane Dieng,21,OKC,C,32,0,358,4.7,11.4,0.416,1.9,6.5,0.292,2.8,4.8,0.583,0.5,1.1,1.6,0.688,1.6,5.7,7.3,2.9,1.5,0.7,1.5,2.9,12.5,NA
363,Bol Bol,25,PHO,PF,26,7,356,7.9,15,0.527,2.6,7.7,0.342,5.3,7.3,0.722,0.615,1.8,2.4,0.75,1.5,7.3,8.8,1.6,0.5,2.3,1.6,1.5,20.2,NA
364,Mo Bamba,26,LAC,C,28,2,352,4.9,10.5,0.466,1.5,5.1,0.3,3.4,5.4,0.623,0.539,1.7,2.6,0.68,2.7,9.6,12.3,1.6,0.9,2.9,1.9,5,13.1,NA
365,Robert Williams,27,POR,C,20,3,351,5.1,8,0.641,0.1,0.3,0.333,5,7.7,0.653,0.647,1.5,1.7,0.882,3.6,8.5,12.1,2.2,1.3,3.4,1.7,3.2,11.9,NA
366,Craig Porter Jr.,24,CLE,PG,39,0,349,4.8,8.8,0.553,1.4,3.1,0.467,3.4,5.7,0.6,0.635,1,1.3,0.769,1,3.5,4.5,5.5,1.3,1.2,2.4,1.7,12.2,NA
367,Orlando Robinson,24,2TM,C,27,2,348,4.4,10.2,0.434,0.4,2.1,0.2,4,8.2,0.494,0.455,2.6,3.3,0.781,3.7,5.8,9.5,3.4,1,0.7,2.5,4.4,11.9,NA
367,Orlando Robinson,24,SAC,C,9,0,57,4.4,10.7,0.412,0.6,3.2,0.2,3.8,7.6,0.5,0.441,2.5,4.4,0.571,1.9,6.9,8.8,5.7,1.9,0.6,2.5,3.8,12,NA
367,Orlando Robinson,24,TOR,C,18,2,291,4.5,10.1,0.439,0.4,1.9,0.2,4.1,8.3,0.493,0.457,2.6,3.1,0.84,4.1,5.6,9.6,3,0.9,0.7,2.5,4.6,11.9,NA
368,Jeff Dowtin,27,PHI,PG,30,0,344,4.7,11.2,0.421,1,3.1,0.333,3.7,8.1,0.455,0.467,1.8,2.6,0.68,0.6,3.2,3.9,5,1,0.5,0.5,1.8,12.2,NA
369,Jordan Walsh,20,BOS,PF,42,1,340,2.5,6.8,0.375,1.4,4.6,0.302,1.2,2.2,0.524,0.477,0.7,1.3,0.583,2,3.7,5.7,1.7,1.1,1,1.2,2.8,7.2,NA
370,Paul Reed,25,DET,C,36,0,337,6.4,11.9,0.541,0.6,2.2,0.286,5.8,9.6,0.6,0.568,2.9,3.6,0.794,3.5,6.4,9.9,3.7,3.6,2,1.9,6,16.3,NA
371,Jock Landale,29,HOU,C,31,1,337,5.2,11.3,0.462,0.6,1.7,0.375,4.6,9.6,0.478,0.491,2.5,3.6,0.676,4.3,6.2,10.5,2.8,0.6,1,1.6,3.3,13.6,NA
372,Landry Shamet,27,NYK,SG,30,0,336,4.6,9.6,0.478,2,5.8,0.352,2.6,3.9,0.667,0.583,0.3,0.7,0.429,0.5,1.9,2.5,1.8,1.3,0.2,1.3,2.5,11.6,NA
373,Jaylen Clark,23,MIN,SG,22,4,334,3.8,8.7,0.432,1.7,4.1,0.421,2,4.6,0.442,0.531,1.5,1.9,0.778,1.8,1.4,3.2,1.4,2.4,0.1,0.4,4.5,10.8,NA
374,Sandro Mamukelashvili,25,SAS,PF,39,0,331,7,13.7,0.508,3.2,8.4,0.377,3.8,5.3,0.714,0.623,2.5,3.4,0.742,2.5,7.3,9.8,2.1,1.4,1.1,1.5,3.3,19.6,NA
375,Dwight Powell,33,DAL,C,38,2,328,2.5,3.5,0.719,0.1,0.1,1,2.4,3.4,0.71,0.734,2.2,3.4,0.645,3.5,5,8.6,3.6,1.3,2,1.1,5.3,7.4,NA
376,Dillon Jones,23,OKC,SF,37,0,326,3.2,9.6,0.333,1.1,5.3,0.208,2.1,4.3,0.487,0.391,1.2,2.2,0.55,2.5,5.5,8.1,4.1,0.8,0.3,1.5,4,8.7,NA
377,Jalen Pickett,25,DEN,SG,30,0,324,4.3,9.7,0.448,2,5.1,0.391,2.3,4.6,0.512,0.552,0.2,0.2,1,0.6,3.2,3.8,5.9,0.8,0.3,1.3,1.9,10.9,NA
378,Tre Mann,23,CHO,PG,13,0,319,7.9,18.2,0.435,2.7,6.8,0.4,5.2,11.4,0.455,0.509,2.1,2.4,0.905,1.4,2.9,4.3,4.4,0.8,0.5,2.8,2.7,20.7,NA
379,GG Jackson II,20,MEM,PF,19,0,317,6.2,15.6,0.401,2.7,7.7,0.353,3.5,7.8,0.449,0.489,3,4.1,0.722,2.3,4.8,7,2.5,0.7,0.5,2.7,2.6,18.2,NA
380,Trey Jemison,25,2TM,C,29,0,314,4,7.2,0.556,0,0,NA,4,7.2,0.556,0.556,1.4,3.6,0.387,4,5.6,9.6,1.6,0.9,1.4,1.8,6.6,9.4,NA
380,Trey Jemison,25,NOP,C,16,0,166,3.3,6.9,0.469,0,0,NA,3.3,6.9,0.469,0.469,1.7,4.6,0.381,4.8,4.8,9.5,2.2,1.5,1.3,2.2,5.9,8.2,NA
380,Trey Jemison,25,LAL,C,13,0,148,4.9,7.5,0.645,0,0,NA,4.9,7.5,0.645,0.645,1,2.4,0.4,3.2,6.6,9.7,1,0.2,1.5,1.5,7.5,10.7,NA
381,Hunter Tyson,24,DEN,PF,41,0,310,3.1,8.6,0.365,1.7,5.7,0.306,1.4,2.9,0.48,0.466,1.9,2.7,0.696,1.6,5.3,7,1.6,0.6,0.6,1.5,4.3,9.9,NA
382,Blake Wesley,21,SAS,SG,37,0,308,4.8,10.4,0.461,0.6,2.8,0.208,4.2,7.6,0.554,0.489,2.1,3.2,0.667,0.7,2.1,2.8,7.7,1.6,0.4,3.3,2.1,12.3,NA
383,Rayan Rupert,20,POR,SG,40,0,306,3.8,9.5,0.395,1.2,4.4,0.27,2.6,5.2,0.5,0.457,1.8,2.4,0.75,2.5,2.9,5.4,2.1,0.9,0.2,2.2,2.8,10.5,NA
384,Malaki Branham,21,SAS,SG,36,0,303,6.1,14.1,0.429,2.6,6.8,0.386,3.4,7.4,0.468,0.521,2,2.4,0.85,0.4,4.2,4.5,3.1,0.8,0.2,3.3,1.9,16.8,NA
385,Alex Len,31,2TM,C,40,3,298,2.9,5.6,0.522,0.1,0.7,0.167,2.8,4.8,0.575,0.533,0.8,1.6,0.538,3.3,5.6,8.8,3.9,1,2.3,1.3,4.7,6.8,NA
385,Alex Len,31,SAC,C,36,3,258,3.1,5.7,0.537,0.1,0.8,0.167,2.9,4.9,0.6,0.549,1,1.8,0.538,3.5,5.4,8.9,4.2,1.1,2.5,1.5,4.9,7.3,NA
385,Alex Len,31,LAL,C,4,0,40,1.8,4.5,0.4,0,0,NA,1.8,4.5,0.4,0.4,0,0,NA,1.8,6.3,8.1,1.8,0,0.9,0,3.6,3.6,NA
386,Wendell Moore Jr.,23,2TM,SG,24,1,293,4.1,9.1,0.446,0.7,2.5,0.3,3.3,6.6,0.5,0.486,1.8,2.1,0.882,2.3,4.8,7.1,2.9,1.4,0.4,1.6,2.6,10.7,NA
386,Wendell Moore Jr.,23,DET,SG,20,1,219,3.8,8.2,0.46,0.7,2.3,0.286,3.1,5.9,0.528,0.5,2.1,2.3,0.929,1.8,5.4,7.2,3.8,1.6,0.5,1.5,2.5,10.4,NA
386,Wendell Moore Jr.,23,CHO,SG,4,0,74,4.9,11.7,0.417,1,2.9,0.333,3.9,8.8,0.444,0.458,1,1.5,0.667,3.9,2.9,6.8,0.5,0.5,0,1.9,2.9,11.7,NA
387,Reece Beekman,23,2TM,PG,27,0,291,2.6,8.3,0.313,0.5,3.3,0.148,2.1,4.9,0.425,0.343,0.7,1.4,0.545,0.6,1.9,2.5,4.2,2.4,0.2,2,2.2,6.4,NA
387,Reece Beekman,23,GSW,PG,2,0,4,9,9,1,0,0,NA,9,9,1,1,0,0,NA,9,0,9,9,9,0,0,9,18,NA
387,Reece Beekman,23,BRK,PG,25,0,287,2.5,8.3,0.303,0.5,3.4,0.148,2,4.9,0.41,0.333,0.8,1.4,0.545,0.5,1.9,2.4,4.1,2.3,0.3,2,2.1,6.3,NA
388,Taj Gibson,39,CHO,C,25,11,290,3.8,8.1,0.477,0.1,0.2,0.5,3.7,7.8,0.476,0.485,1.4,2,0.688,5,6.7,11.7,1.7,1,1.5,2.4,4.8,9.2,NA
389,Antonio Reeves,24,NOP,SG,28,0,286,5.7,13.6,0.417,2.4,7.3,0.328,3.3,6.3,0.52,0.505,1,1.1,0.889,1.3,2.5,3.8,2.5,1.3,0.3,1.3,1.8,14.7,NA
390,Patty Mills,36,2TM,PG,22,0,286,3.7,10.7,0.341,2.5,8.3,0.303,1.1,2.4,0.474,0.459,0.8,0.9,0.857,0.4,2.3,2.6,3,1.6,0.4,2.1,2.3,10.6,NA
390,Patty Mills,36,UTA,PG,17,0,260,3.6,10.5,0.342,2.4,7.9,0.298,1.2,2.6,0.474,0.454,0.7,0.7,1,0.4,2.5,2.9,2.9,1.7,0.4,2.2,1.7,10.2,NA
390,Patty Mills,36,LAC,PG,5,0,26,4.2,12.5,0.333,4.2,12.5,0.333,0,0,NA,0.5,1.4,2.8,0.5,0,0,0,4.2,1.4,0,1.4,8.3,13.8,NA
391,Jamal Cain,25,NOP,SF,24,0,285,3.5,8.8,0.4,1.5,5.2,0.293,2,3.7,0.552,0.486,1.6,2.5,0.65,2.4,4,6.4,1.8,1.5,0.9,1.3,3.2,10.2,NA
392,Terrence Shannon Jr.,24,MIN,SG,24,1,282,6.5,13.4,0.486,1.1,3.4,0.333,5.4,10,0.538,0.529,2.2,2.7,0.81,1.3,3.8,5.1,3.4,0.8,0.6,1.7,2.6,16.3,NA
393,Cory Joseph,33,ORL,PG,35,1,278,3.4,9.3,0.361,2.3,6.7,0.346,1,2.6,0.4,0.486,0.5,0.8,0.667,0.8,2.7,3.5,4,1.6,0.4,1.6,2.8,9.6,NA
394,Doug McDermott,33,SAC,SF,34,3,277,4.9,11.4,0.432,4.3,9.7,0.44,0.6,1.7,0.385,0.619,0.4,0.6,0.6,0.3,2.1,2.3,0.5,0.5,0.3,0.8,3.5,14.6,NA
395,Jarred Vanderbilt,25,LAL,PF,17,0,269,3.6,7.4,0.491,0.9,2.8,0.333,2.7,4.6,0.588,0.555,1.2,2.4,0.5,4.3,8,12.3,2.4,2.3,0.8,1.3,4.1,9.4,NA
396,Dru Smith,27,MIA,SG,14,1,268,4.2,8.2,0.508,2.1,4,0.533,2,4.2,0.484,0.639,1.2,1.6,0.75,1.6,3.2,4.8,3.1,2.8,0.8,2.3,4,11.7,NA
397,Elfrid Payton,30,2TM,PG,13,5,267,3.5,9,0.388,0,0.1,0,3.5,8.9,0.394,0.388,0.1,0.3,0.5,0.8,4.2,5,9.2,2.2,0.8,3.6,3,7.1,NA
397,Elfrid Payton,30,NOP,PG,7,3,144,5.7,11.5,0.5,0,0.2,0,5.7,11.3,0.511,0.5,0.2,0.5,0.5,1.2,4.7,6,12,2.5,0.7,5,2.5,11.7,NA
397,Elfrid Payton,30,CHO,PG,6,2,123,0.9,6.1,0.143,0,0,NA,0.9,6.1,0.143,0.143,0,0,NA,0.3,3.5,3.8,5.9,1.8,0.9,2,3.5,1.8,NA
398,Isaiah Wong,24,CHO,SG,20,0,265,5.6,14.3,0.39,1.8,4.5,0.394,3.8,9.8,0.389,0.452,3.4,4.6,0.735,1.9,2.4,4.3,3.8,1.5,0,2.4,2.9,16.3,NA
399,Jeff Green,38,HOU,PF,21,2,262,5.9,11.4,0.518,2.2,6.7,0.327,3.7,4.7,0.794,0.614,2.1,2.5,0.833,1.1,3.6,4.7,1.2,0.7,0.4,0.8,2.7,16.1,NA
400,Quenton Jackson,26,IND,PG,18,7,254,5.5,10.8,0.513,1.3,3.4,0.375,4.3,7.4,0.577,0.572,2.1,3,0.714,1.4,2.4,3.8,4.4,1.3,0.7,1.6,4.5,14.5,NA
401,Johnny Furphy,20,IND,SG,39,0,253,3,8.3,0.362,1.6,4.7,0.333,1.4,3.6,0.4,0.457,1.3,1.3,1,2.4,3.3,5.7,1.4,1.4,1.1,1.3,3.8,8.8,NA
402,Dante Exum,29,DAL,PG,13,8,249,6.2,13.3,0.467,2,4.9,0.412,4.2,8.4,0.5,0.543,2.9,4,0.714,0.3,2.7,3,6.2,1.4,0.4,2.3,2.9,17.3,NA
403,Christian Koloko,24,LAL,C,29,0,246,4.1,6.3,0.651,0,0.3,0,4.1,6,0.683,0.651,1,1.2,0.875,4.1,5.3,9.4,1.8,1,1.2,1,4.5,9.2,NA
404,Johnny Davis,22,WAS,SG,34,0,242,4.8,11.6,0.41,1,4.3,0.241,3.7,7.3,0.51,0.455,1.3,2.2,0.6,1.5,4.2,5.7,1.6,2.2,0.9,1,2.7,11.9,NA
405,Kai Jones,24,2TM,C,29,0,242,5.2,6.8,0.761,0,0.3,0,5.2,6.5,0.795,0.761,1.8,2.4,0.75,2.5,5.5,8,1.5,0.9,2.1,1.6,3.7,12.2,NA
405,Kai Jones,24,LAC,C,28,0,208,4.5,6.2,0.722,0,0.3,0,4.5,5.9,0.765,0.722,1.6,2.1,0.75,2.6,5.4,8,1.7,1,2.3,1.7,4,10.6,NA
405,Kai Jones,24,DAL,C,1,0,34,9.5,10.6,0.9,0,0,NA,9.5,10.6,0.9,0.9,3.2,4.2,0.75,2.1,6.4,8.5,0,0,1.1,1.1,2.1,22.2,NA
406,Kevin Love,36,MIA,PF,21,8,236,5.9,16.9,0.351,3.4,9.8,0.344,2.6,7.2,0.362,0.45,2.4,3.5,0.696,3.2,10.8,14,3.2,2.3,0.6,2.1,2.9,17.7,NA
407,Tristan Thompson,33,CLE,C,32,0,234,3.4,7.7,0.44,0,0.5,0,3.4,7.2,0.468,0.44,0.8,3.4,0.227,3.2,10.6,13.8,3.2,0.2,1.2,1.7,4.2,7.5,NA
408,Mouhamed Gueye,22,ATL,PF,15,11,234,5.5,13.1,0.424,1.5,6.8,0.227,4,6.3,0.634,0.482,1.2,1.7,0.727,1.7,6,7.7,1.4,2.3,2.2,0.9,3.5,13.8,NA
409,Josh Minott,22,MIN,SF,36,0,230,5,11.3,0.444,1.1,5,0.219,3.9,6.3,0.625,0.493,1.7,2,0.846,1.4,4.4,5.8,2.2,1.9,1.7,1.3,4.4,12.8,NA
410,Isaac Jones,24,SAC,PF,26,0,227,6.5,9.7,0.672,0.2,0.6,0.25,6.3,9,0.702,0.68,2.2,4.1,0.538,2.2,3.8,6,1.3,0.5,1.3,1.9,4.1,15.4,NA
411,Jevon Carter,29,CHI,PG,29,0,225,5.9,15,0.394,3.8,10.9,0.353,2.1,4.2,0.5,0.521,1.3,1.6,0.8,0.3,4.2,4.5,4.8,1.4,0.3,1.4,1.8,17,NA
412,Bones Hyland,24,LAC,PG,20,0,222,7.3,18.6,0.391,5,13,0.388,2.3,5.7,0.4,0.526,3.7,4.2,0.885,0.8,3.1,3.9,4.5,2.9,0.6,3.9,4.2,23.4,NA
413,Anthony Gill,32,WAS,PF,39,0,218,3.8,7.4,0.511,1,2.6,0.375,2.8,4.8,0.586,0.578,3.1,5,0.633,1,4.3,5.3,1.2,1,0.3,1,3,11.7,NA
414,Ariel Hukporti,22,NYK,C,25,1,217,3.5,5.1,0.677,0,0,NA,3.5,5.1,0.677,0.677,1,2.2,0.462,2.3,6.1,8.5,1.8,0.2,2.5,3.5,5.3,8,NA
415,Vince Williams Jr.,24,MEM,SG,12,1,213,5.7,13.7,0.42,1.9,6.8,0.275,3.9,6.9,0.561,0.488,1.9,2.7,0.688,2,5.4,7.4,4.2,1.2,0.3,3.2,3.9,15.2,NA
416,Kobe Brown,25,LAC,PF,27,0,209,4.8,10.2,0.475,0.7,3.4,0.2,4.1,6.7,0.615,0.508,0.7,0.9,0.8,2.9,6.2,9.1,2.9,0.7,0.5,1.2,2.8,11,NA
417,Jaden Springer,22,2TM,SG,32,0,208,3.3,8.5,0.388,1.6,4.5,0.346,1.7,4,0.435,0.48,3.3,4.7,0.704,1.2,4.2,5.4,3.3,2.6,0.3,1.6,4,11.4,NA
417,Jaden Springer,22,BOS,SG,26,0,141,3.1,8.7,0.353,1.5,4.9,0.316,1.5,3.8,0.4,0.441,3.8,5.4,0.714,1,5.1,6.1,2.6,3.1,0.3,1,4.3,11.5,NA
417,Jaden Springer,22,UTA,PG,6,0,67,3.8,8.1,0.467,1.6,3.8,0.429,2.1,4.3,0.5,0.567,2.1,3.2,0.667,1.6,2.1,3.8,4.8,1.6,0.5,2.7,3.2,11.3,NA
418,Xavier Tillman Sr.,26,BOS,C,29,1,207,2.1,8,0.261,0.9,4.7,0.185,1.2,3.3,0.368,0.315,0.2,0.3,0.5,1.6,5,6.6,1.2,1.6,0.9,2.1,2.8,5.2,NA
419,Brandon Williams,25,DAL,PG,21,0,206,5.6,12.4,0.451,1.7,4.7,0.37,3.8,7.7,0.5,0.521,2.6,3.3,0.789,0.3,3.3,3.7,5.4,1.2,0.3,2.8,2.4,15.6,NA
420,Pat Spencer,28,GSW,PG,29,0,203,5.9,14.9,0.393,0.4,3,0.118,5.5,11.9,0.463,0.405,2,2.7,0.733,2.7,4.8,7.4,6.7,2,0.5,2.5,2.8,14,NA
421,Dario Šarić,30,DEN,C,15,4,203,3.4,9.9,0.339,1.2,4.6,0.269,2.1,5.3,0.4,0.402,1.2,1.8,0.7,2.5,6.2,8.7,3.9,1.2,0.2,2.5,3.2,9.2,NA
422,Jordan McLaughlin,28,2TM,PG,33,0,202,3.2,8.2,0.391,2,4.8,0.407,1.2,3.4,0.368,0.511,2.1,3,0.706,0.7,3,3.7,5.5,2.1,0,2,2.5,10.5,NA
422,Jordan McLaughlin,28,SAC,PG,28,0,190,3,8.3,0.364,1.9,4.9,0.385,1.1,3.4,0.333,0.477,2.1,3,0.688,0.8,3.2,4,4.5,2.1,0,2.1,2.5,10,NA
422,Jordan McLaughlin,28,SAS,PG,5,0,12,6,6,1,3,3,1,3,3,1,1.25,3,3,1,0,0,0,21,3,0,0,3,18,NA
423,Duop Reath,28,POR,C,31,0,198,5.6,13.1,0.431,2.9,8.9,0.327,2.7,4.2,0.652,0.542,1.8,2.2,0.833,2.2,4.7,6.9,1.8,0.5,1.1,1.5,3.3,16,NA
424,Damion Baugh,24,CHO,SG,8,0,198,4,11.8,0.338,1.3,6,0.212,2.7,5.8,0.469,0.392,1.6,1.8,0.9,1.1,2.9,4,5.5,2.4,0.2,2.5,2.2,10.9,NA
425,Tristan Vukcevic,21,WAS,C,20,0,186,7.7,15.9,0.488,2.5,7.9,0.317,5.2,7.9,0.659,0.567,3.9,5,0.769,2.3,7.9,10.3,3.1,1,1.4,2.9,4.5,21.9,NA
426,Luka Garza,26,MIN,C,30,0,185,8,16.7,0.477,1.4,5.8,0.233,6.6,10.9,0.607,0.517,3.7,5.6,0.655,5.6,3.7,9.3,1.6,1.2,0.6,1.9,5.3,21,NA
427,Marvin Bagley III,25,2TM,PF,21,1,183,7.7,14.4,0.534,0.6,2.4,0.25,7.1,12,0.59,0.555,3,4.5,0.652,5.3,6.1,11.4,1.4,1.4,1,2.2,2.6,18.9,NA
427,Marvin Bagley III,25,WAS,C,19,1,166,8.2,15.4,0.535,0.4,2.2,0.2,7.8,13.2,0.59,0.549,3.3,5,0.652,5.9,6.3,12.1,1.5,1.5,1.1,2.4,2.6,20.2,NA
427,Marvin Bagley III,25,MEM,PF,2,0,17,2.1,4.2,0.5,2.1,4.2,0.5,0,0,NA,0.75,0,0,NA,0,4.2,4.2,0,0,0,0,2.1,6.4,NA
428,Torrey Craig,34,2TM,SF,15,2,175,6.2,12.5,0.492,3.9,9.3,0.422,2.3,3.3,0.688,0.648,1.2,1.6,0.75,3.3,4.3,7.6,1.6,0.4,1,0.2,4.1,17.5,NA
428,Torrey Craig,34,CHI,SF,9,1,113,7,14.3,0.489,4.8,11.2,0.429,2.2,3.2,0.7,0.656,1,1.3,0.75,2.5,5.4,8,1.6,0.6,0.3,0,4.8,19.8,NA
428,Torrey Craig,34,BOS,SF,6,1,62,4.6,9.3,0.5,2.3,5.8,0.4,2.3,3.5,0.667,0.625,1.7,2.3,0.75,4.6,2.3,7,1.7,0,2.3,0.6,2.9,13.4,NA
429,Devin Carter,22,SAC,PG,18,0,168,4.7,14.1,0.333,1.9,7.1,0.273,2.8,7.1,0.394,0.402,3.2,4.3,0.75,1.5,7.3,8.8,4.5,1.1,0.6,1.7,3,14.6,NA
430,Jaylen Nowell,25,NOP,SG,8,0,168,5.6,15.6,0.356,1.7,5.8,0.296,3.9,9.9,0.391,0.411,1.5,2.4,0.636,1.3,3,4.3,3.9,0.2,0.9,1.7,1.9,14.4,NA
431,Killian Hayes,23,BRK,PG,6,5,162,4,9.6,0.419,1.8,4.7,0.381,2.2,4.9,0.455,0.512,2.2,2.7,0.833,1.1,2.9,4,6.9,0.9,0.9,2,2.9,12,NA
432,Bismack Biyombo,32,SAS,C,9,8,159,5.9,9.1,0.65,0,0,NA,5.9,9.1,0.65,0.65,0.7,2,0.333,3.2,8.4,11.5,2.5,1.1,2,2,4.1,12.5,NA
433,Dominick Barlow,21,ATL,SF,19,3,153,5.6,11.5,0.49,1.2,3.3,0.357,4.5,8.2,0.543,0.541,1.4,2.4,0.6,2.1,4.9,7.1,0.9,0.9,1.6,0.5,3.1,13.9,NA
434,Josh Richardson,31,MIA,SG,8,0,150,2.6,9.1,0.289,1.4,5.3,0.273,1.2,3.8,0.313,0.368,1,1,1,1.4,1.4,2.9,2.9,1.9,0.2,1.9,4.1,7.7,NA
435,Drew Peterson,25,BOS,PF,18,1,149,3.1,7,0.448,2.2,5.6,0.391,1,1.4,0.667,0.603,1.4,1.7,0.857,1.2,6,7.2,3.1,1,0.5,1.4,3.1,9.9,NA
436,Tyler Kolek,23,NYK,PG,29,0,148,4.4,11.4,0.383,2.7,6.8,0.393,1.7,4.6,0.368,0.5,1.5,1.5,1,0.5,3.2,3.6,5.4,1.7,0.2,2.2,2.9,12.9,NA
437,Bruno Fernando,26,TOR,C,17,2,147,6.4,12,0.531,0,0,NA,6.4,12,0.531,0.531,1.5,2,0.75,5.1,7.3,12.5,4.4,1,2.2,3.4,6.6,14.2,NA
438,Enrique Freeman,24,IND,PF,19,1,139,3.1,6.5,0.48,0.3,1.6,0.167,2.8,4.9,0.579,0.5,1.8,3.4,0.538,1.6,3.4,4.9,2.1,0.5,0.5,1.3,4.7,8.3,NA
439,MarJon Beauchamp,24,2TM,SF,29,0,139,5.7,14,0.407,2.3,6.2,0.375,3.4,7.8,0.433,0.491,2.8,4.1,0.688,2.3,6.7,9.1,2.6,0.8,0.3,3.6,3.1,16.6,NA
439,MarJon Beauchamp,24,MIL,SF,26,0,122,5.3,13.9,0.383,2.1,6.2,0.333,3.2,7.7,0.423,0.457,2.7,3.5,0.75,2.1,7.4,9.4,2.4,0.9,0.3,3.8,3,15.3,NA
439,MarJon Beauchamp,24,LAC,SF,3,0,17,8.5,14.8,0.571,4.2,6.4,0.667,4.2,8.5,0.5,0.714,4.2,8.5,0.5,4.2,2.1,6.4,4.2,0,0,2.1,4.2,25.4,NA
440,Elijah Harkless,24,UTA,SG,10,0,138,2.9,9.1,0.314,1.8,6.5,0.28,1,2.6,0.4,0.414,0.8,1.6,0.5,2.3,3.1,5.5,2.1,2.6,0.3,0.8,4.7,8.3,NA
441,Jordan Goodwin,26,LAL,PG,8,0,135,5.6,10.7,0.525,1.3,4.3,0.313,4.3,6.4,0.667,0.588,0.5,0.8,0.667,3.2,4.8,8,2.1,2.7,0.5,1.6,3.2,13.1,NA
442,Colby Jones,22,SAC,SG,24,0,130,3,7.2,0.423,1.1,2.8,0.4,1.9,4.4,0.438,0.5,0,0,NA,2.2,4.2,6.4,1.9,1.7,1.9,1.9,3.6,7.2,NA
443,Cam Spencer,24,MEM,SG,12,0,127,3.7,8.8,0.419,1.4,4.5,0.313,2.3,4.3,0.533,0.5,3.1,3.1,1,1.4,3.4,4.8,4.5,0.9,0.3,1.4,3.4,11.9,NA
444,Lonnie Walker IV,26,PHI,SG,7,0,127,4.5,13.6,0.333,3.1,9.4,0.333,1.4,4.3,0.333,0.448,0.9,0.9,1,0.6,4,4.5,2.6,0.9,0.9,2,1.7,13,NA
445,Kobe Bufkin,21,ATL,SG,10,0,124,5.2,13.6,0.383,1.2,5.5,0.211,4.1,8.1,0.5,0.426,3.8,5.2,0.722,1.5,4.6,6.1,4.9,0.9,0.6,2.3,2.6,15.4,NA
446,De'Anthony Melton,26,GSW,SG,6,2,121,6.5,16.1,0.407,3.9,10.4,0.371,2.7,5.7,0.474,0.528,1.5,2.4,0.625,1.8,4.2,6,5.1,2.1,0.6,3,5.4,18.4,NA
447,Baylor Scheierman,24,BOS,SG,16,0,119,2.7,10.3,0.265,1.2,6.7,0.182,1.5,3.6,0.417,0.324,1.5,1.8,0.833,1.2,5.7,7,3,1.2,0,0.3,2.1,8.2,NA
448,Moses Brown,25,2TM,C,13,2,119,10.3,14.8,0.694,0,0,NA,10.3,14.8,0.694,0.694,2.4,3.3,0.727,3.6,9.7,13.3,0.6,1.8,1.2,3.3,5.1,23,NA
448,Moses Brown,25,IND,C,9,0,46,10.2,15.7,0.65,0,0,NA,10.2,15.7,0.65,0.65,2.3,3.9,0.6,3.1,7,10.2,0,1.6,0.8,4.7,4.7,22.7,NA
448,Moses Brown,25,DAL,C,4,2,73,10.4,14.3,0.724,0,0,NA,10.4,14.3,0.724,0.724,2.5,3,0.833,3.9,11.3,15.3,1,2,1.5,2.5,5.4,23.2,NA
449,Joe Ingles,37,MIN,SF,17,0,108,2,6.7,0.3,1,4.3,0.231,1,2.3,0.429,0.375,0,0,NA,0.7,3,3.7,7.3,0.7,0,2.7,3.3,5,NA
450,Branden Carlson,25,OKC,C,19,0,107,6.4,13.1,0.487,4.7,10.4,0.452,1.7,2.7,0.625,0.667,0.7,0.7,1,1.7,7.1,8.7,2,0.7,2,1,4,18.2,NA
451,Patrick Baldwin Jr.,22,WAS,SF,22,0,101,6.1,11.8,0.515,3.9,7.5,0.524,2.1,4.3,0.5,0.682,0.7,1.4,0.5,1.8,6.1,7.8,0.7,1.1,0.7,1.8,1.8,16.8,NA
452,Damion Lee,32,PHO,SG,16,0,101,6.1,18.5,0.327,1.8,9.3,0.192,4.3,9.3,0.462,0.375,5.7,6.1,0.941,0.7,4.3,5,2.9,1.4,0,2.5,1.8,19.6,NA
453,Oscar Tshiebwe,25,UTA,C,7,0,100,5.4,8.3,0.652,0,0,NA,5.4,8.3,0.652,0.652,3.2,4.3,0.75,5.8,13,18.7,1.1,2.2,0,0.7,5,14,NA
454,Adam Flagler,25,OKC,SG,24,0,95,4.9,21.2,0.232,3,17.1,0.178,1.9,4.2,0.455,0.304,0,0,NA,1.1,1.9,3,0,1.9,0.8,0.4,3.4,12.9,NA
455,Pacome Dadiet,19,NYK,SG,14,0,95,3.4,10.2,0.333,2.3,6.4,0.353,1.1,3.8,0.3,0.444,0.8,1.1,0.667,0,5.3,5.3,1.9,1.1,0.8,0.8,1.9,9.9,NA
456,TyTy Washington Jr.,23,PHO,PG,10,0,93,4.3,13.9,0.306,1.2,7,0.167,3.1,7,0.444,0.347,1.2,1.5,0.75,1.5,3.1,4.6,4.6,1.2,0,1.2,1.2,10.8,NA
457,Jae Crowder,34,SAC,PF,7,2,92,2.3,6.7,0.353,1.2,4.7,0.25,1.2,2,0.6,0.441,2,2.3,0.833,2.3,4.3,6.7,1.6,1.2,0,1.6,3.9,7.8,NA
458,Collin Gillespie,25,PHO,PG,13,0,84,7.7,13.7,0.563,2.6,5.1,0.5,5.1,8.6,0.6,0.656,2.6,3,0.857,2.1,3.4,5.6,6.4,1.3,0.9,1.3,3.9,20.6,NA
459,Isaiah Jackson,23,IND,C,5,1,84,6,9.9,0.609,0,0,NA,6,9.9,0.609,0.609,3,6,0.5,4.7,7.3,12,2.1,1.3,3.4,2.1,6,15,NA
460,Trey Alexander,21,DEN,SG,18,0,79,3.2,10.9,0.292,0.9,4.6,0.2,2.3,6.4,0.357,0.333,0.9,0.9,1,0,4.1,4.1,3.2,0.5,0.5,1.4,3.6,8.2,NA
461,Tyler Smith,20,MIL,PF,16,0,79,7.7,15.9,0.486,3.6,9.1,0.4,4.1,6.8,0.6,0.6,0.9,1.8,0.5,1.8,7.3,9.1,1.8,0.9,1.4,2.7,3.6,20.1,NA
462,Bronny James,20,LAL,SG,18,0,76,3.8,14.7,0.258,1.4,7.1,0.2,2.4,7.6,0.313,0.306,2.8,4.3,0.667,0.5,3.3,3.8,3.8,1.9,0.9,2.8,2.8,11.8,NA
463,Alex Ducas,24,OKC,SG,17,0,76,3.8,10.4,0.364,3.3,7.6,0.438,0.5,2.8,0.167,0.523,0,0,NA,2.4,4.7,7.1,0.9,0.9,0,1.4,3.3,10.9,NA
464,Taylor Hendricks,21,UTA,PF,3,3,75,1.9,8.6,0.222,1.4,5.8,0.25,0.5,2.9,0.167,0.306,1.4,1.9,0.75,2.4,4.8,7.2,1,2.4,1.9,1,3.8,6.7,NA
465,Chris Duarte,27,CHI,SG,17,0,74,5.8,12.6,0.462,2.9,7.3,0.4,2.9,5.4,0.545,0.577,2.9,3.9,0.75,2.4,7.3,9.7,4.4,0,0,0.5,3.4,17.5,NA
466,AJ Johnson,20,2TM,SG,11,0,74,5.8,13.6,0.429,1.9,4.9,0.4,3.9,8.8,0.444,0.5,1,1.5,0.667,0,4.4,4.4,5.8,1,0,2.4,2.4,14.6,NA
466,AJ Johnson,20,MIL,SG,7,0,44,6.5,15.5,0.421,2.5,4.1,0.6,4.1,11.5,0.357,0.5,0.8,1.6,0.5,0,5.7,5.7,5.7,0.8,0,3.3,0,16.4,NA
466,AJ Johnson,20,WAS,SG,4,0,30,4.8,10.8,0.444,1.2,6,0.2,3.6,4.8,0.75,0.5,1.2,1.2,1,0,2.4,2.4,6,1.2,0,1.2,6,12,NA
467,Jeenathan Williams,25,HOU,SG,10,0,69,7.8,16.7,0.469,1.6,6.3,0.25,6.3,10.4,0.6,0.516,1.6,2.1,0.75,0.5,2.6,3.1,2.1,2.1,1.6,4.2,4.2,18.8,NA
468,Matt Ryan,27,NYK,SF,19,0,68,5.3,16.4,0.323,3.2,10.1,0.316,2.1,6.4,0.333,0.419,1.1,1.1,1,0,4.2,4.2,1.6,1.1,0,1.6,0.5,14.8,NA
469,Pete Nance,24,PHI,C,7,0,68,2.6,7.9,0.333,2.1,6.4,0.333,0.5,1.6,0.333,0.467,0.5,1.1,0.5,1.1,4.2,5.3,1.6,0.5,0,0,5.3,7.9,NA
470,Armel Traoré,22,LAL,SF,9,0,67,3.2,10.2,0.316,0,3.8,0,3.2,6.4,0.5,0.316,1.1,3.8,0.286,1.1,7,8.1,0.5,2.1,1.1,1.6,3.2,7.5,NA
471,Kylor Kelley,27,DAL,C,8,1,67,5.4,7,0.769,0,0,NA,5.4,7,0.769,0.769,2.1,3.2,0.667,4.3,7,11.3,1.1,0,1.1,0.5,4.3,12.9,NA
472,Garrett Temple,38,TOR,SG,17,0,66,1.6,8.2,0.2,0.5,3.8,0.143,1.1,4.4,0.25,0.233,2.2,2.2,1,1.1,4.4,5.5,6,3.3,1.1,2.2,3.8,6,NA
473,Chris Livingston,21,MIL,SF,13,1,66,2.7,7.6,0.357,0,2.7,0,2.7,4.9,0.556,0.357,2.7,4.4,0.625,3.8,8.2,12,1.1,2.2,0,2.7,2.7,8.2,NA
474,Stanley Umude,25,MIL,SG,20,0,65,2.2,12.7,0.174,1.1,7.2,0.154,1.1,5.5,0.2,0.217,1.1,2.2,0.5,2.2,6.1,8.3,1.7,1.7,1.7,1.1,3.3,6.6,NA
475,Yuki Kawamura,23,MEM,PG,20,0,63,4.6,12.6,0.364,2.3,9.1,0.25,2.3,3.4,0.667,0.455,2.3,3.4,0.667,0,4,4,8,0.6,0,2.3,4,13.7,NA
476,Markelle Fultz,26,SAC,PG,6,0,62,6.4,12.2,0.524,0.6,1.2,0.5,5.8,11,0.526,0.548,0.6,0.6,1,0.6,2.9,3.5,4.1,2.3,0.6,5.8,2.3,13.9,NA
477,Markieff Morris,35,2TM,PF,10,0,61,4.7,18.9,0.25,3,11.8,0.25,1.8,7.1,0.25,0.328,1.2,1.2,1,0,5.3,5.3,4.1,0.6,0.6,1.8,3,13.6,NA
477,Markieff Morris,35,DAL,PF,7,0,41,4.4,19.3,0.227,1.8,11.4,0.154,2.6,7.9,0.333,0.273,0,0,NA,0,7,7,3.5,0.9,0.9,1.8,1.8,10.5,NA
477,Markieff Morris,35,LAL,PF,3,0,20,5.4,18,0.3,5.4,12.6,0.429,0,5.4,0,0.45,3.6,3.6,1,0,1.8,1.8,5.4,0,0,1.8,5.4,19.8,NA
478,Dariq Whitehead,20,BRK,SF,10,0,59,7.9,16.5,0.481,7.3,14,0.522,0.6,2.4,0.25,0.704,0.6,1.8,0.333,0.6,3.1,3.7,0.6,1.8,0.6,3.7,1.2,23.8,NA
479,Sidy Cissoko,20,2TM,SF,19,0,59,5.5,11,0.5,1.8,4.3,0.429,3.7,6.7,0.545,0.583,0.6,3.7,0.167,1.8,4.3,6.1,3.7,0.6,0,1.8,4.3,13.4,NA
479,Sidy Cissoko,20,SAS,SF,17,0,54,6,12,0.5,2,4.7,0.429,4,7.3,0.545,0.583,0.7,4,0.167,2,4.7,6.7,4,0.7,0,1.3,4,14.7,NA
479,Sidy Cissoko,20,POR,SF,2,0,5,0,0,NA,0,0,NA,0,0,NA,NA,0,0,NA,0,0,0,0,0,0,7.2,7.2,0,NA
480,Jazian Gortman,21,DAL,PG,16,0,57,5.7,14.5,0.391,2.5,6.9,0.364,3.2,7.6,0.417,0.478,1.3,2.5,0.5,0.6,2.5,3.2,3.8,1.3,0.6,3.2,5.7,15.2,NA
481,Liam Robbins,25,MIL,C,13,0,57,1.3,5.1,0.25,0,1.3,0,1.3,3.8,0.333,0.25,3.2,6.3,0.5,4.4,3.2,7.6,1.3,1.3,1.3,3.8,5.7,5.7,NA
482,Keshad Johnson,23,MIA,SF,10,0,57,4.4,7.6,0.583,0.6,2.5,0.25,3.8,5.1,0.75,0.625,0.6,3.8,0.167,1.3,9.5,10.7,1.9,0.6,2.5,1.9,3.2,10.1,NA
483,A.J. Lawson,24,TOR,SG,7,0,57,5.7,10.1,0.563,3.2,5.7,0.556,2.5,4.4,0.571,0.719,0.6,1.9,0.333,0.6,3.2,3.8,0.6,0,1.3,0.6,3.2,15.2,NA
484,Luke Travers,23,CLE,SG,9,0,55,2,7.2,0.273,0,2.6,0,2,4.6,0.429,0.273,1.3,1.3,1,3.3,4.6,7.9,3.3,0.7,0.7,3.3,2.6,5.2,NA
485,Mitchell Robinson,26,NYK,C,4,1,54,6,9.3,0.643,0,0,NA,6,9.3,0.643,0.643,2,2,1,6,4.7,10.7,0.7,0.7,0.7,0.7,3.3,14,NA
486,Kevin Knox,25,GSW,SF,7,0,51,7.8,16.9,0.458,2.1,7.8,0.273,5.6,9.2,0.615,0.521,2.1,2.8,0.75,4.2,3.5,7.8,2.8,0.7,2.8,0.7,3.5,19.8,NA
487,Maxwell Lewis,22,2TM,SF,13,0,51,2.8,9.2,0.308,1.4,2.8,0.5,1.4,6.4,0.222,0.385,0,0,NA,2.1,4.9,7.1,2.1,0.7,0,2.1,2.1,7.1,NA
487,Maxwell Lewis,22,LAL,SF,7,0,29,2.5,7.4,0.333,0,0,NA,2.5,7.4,0.333,0.333,0,0,NA,2.5,0,2.5,2.5,1.2,0,2.5,1.2,5,NA
487,Maxwell Lewis,22,BRK,SF,6,0,22,3.3,11.5,0.286,3.3,6.5,0.5,0,4.9,0,0.429,0,0,NA,1.6,11.5,13.1,1.6,0,0,1.6,3.3,9.8,NA
488,Jacob Toppin,24,NYK,SF,16,0,49,2.2,7.3,0.3,0,1.5,0,2.2,5.9,0.375,0.3,0,0,NA,1.5,6.6,8.1,2.9,1.5,0,1.5,2.2,4.4,NA
489,PJ Hall,22,DEN,C,15,0,46,4.7,11,0.429,0,3.9,0,4.7,7,0.667,0.429,2.3,3.1,0.75,3.1,9.4,12.5,2.3,0,1.6,1.6,4.7,11.7,NA
490,Colin Castleton,24,MEM,C,10,0,46,1.6,7.8,0.2,0,3.1,0,1.6,4.7,0.333,0.2,7.8,8.6,0.909,2.3,4.7,7,0,0.8,0.8,0.8,4.7,11,NA
491,Jackson Rowe,28,GSW,PF,5,0,43,5,12.6,0.4,1.7,7.5,0.222,3.3,5,0.667,0.467,1.7,3.3,0.5,0,6.7,6.7,2.5,2.5,0,0.8,3.3,13.4,NA
492,JT Thor,22,CLE,PF,9,0,42,7.7,12.9,0.6,2.6,5.1,0.5,5.1,7.7,0.667,0.7,6,6.9,0.875,2.6,2.6,5.1,0.9,1.7,2.6,5.1,5.1,24,NA
493,JD Davison,22,BOS,PG,9,0,39,2.8,8.3,0.333,1.8,5.5,0.333,0.9,2.8,0.333,0.444,3.7,4.6,0.8,0,2.8,2.8,2.8,1.8,0,5.5,0.9,11.1,NA
494,PJ Dozier,28,MIN,SG,9,0,35,2.1,3.1,0.667,2.1,3.1,0.667,0,0,NA,1,1,6.2,0.167,1,4.1,5.1,5.1,1,0,1,3.1,7.2,NA
495,Mason Jones,26,SAC,SG,7,0,35,9.3,16.5,0.563,1,6.2,0.167,8.2,10.3,0.8,0.594,2.1,3.1,0.667,2.1,6.2,8.2,10.3,0,0,1,3.1,21.6,NA
496,Vlatko Čančar,27,DEN,PF,4,0,34,4.2,7.4,0.571,1.1,2.1,0.5,3.2,5.3,0.6,0.643,0,0,NA,3.2,5.3,8.5,0,0,1.1,2.1,4.2,9.5,NA
497,Jared Rhoden,25,2TM,SG,6,0,34,4.2,14.8,0.286,0,5.3,0,4.2,9.5,0.444,0.286,0,0,NA,2.1,4.2,6.4,2.1,1.1,1.1,1.1,3.2,8.5,NA
497,Jared Rhoden,25,CHO,SG,4,0,12,6,24,0.25,0,6,0,6,18,0.333,0.25,0,0,NA,6,6,12,6,3,0,3,3,12,NA
497,Jared Rhoden,25,TOR,SG,2,0,22,3.3,9.8,0.333,0,4.9,0,3.3,4.9,0.667,0.333,0,0,NA,0,3.3,3.3,0,0,1.6,0,3.3,6.5,NA
498,Spencer Jones,23,DEN,SF,12,0,33,2.2,9.8,0.222,1.1,6.5,0.167,1.1,3.3,0.333,0.278,0,0,NA,2.2,4.4,6.5,0,3.3,0,2.2,5.5,5.5,NA
499,James Johnson,37,IND,PF,11,0,33,4.4,9.8,0.444,0,3.3,0,4.4,6.5,0.667,0.444,0,1.1,0,0,5.5,5.5,4.4,0,2.2,4.4,4.4,8.7,NA
500,E.J. Liddell,24,CHI,PF,7,0,33,5.5,10.9,0.5,3.3,8.7,0.375,2.2,2.2,1,0.65,2.2,2.2,1,1.1,4.4,5.5,3.3,1.1,1.1,2.2,8.7,16.4,NA
501,D.J. Carton,24,TOR,SG,4,0,33,1.1,7.6,0.143,0,3.3,0,1.1,4.4,0.25,0.143,1.1,1.1,1,0,4.4,4.4,3.3,2.2,0,4.4,1.1,3.3,NA
502,Daeqwon Plowden,26,ATL,SG,2,0,33,8.7,10.9,0.8,6.5,8.7,0.75,2.2,2.2,1,1.1,2.2,2.2,1,3.3,2.2,5.5,0,0,0,1.1,5.5,26.2,NA
503,Ulrich Chomche,19,TOR,PF,7,0,32,2.3,5.6,0.4,0,0,NA,2.3,5.6,0.4,0.4,1.1,2.3,0.5,4.5,4.5,9,2.3,0,1.1,2.3,5.6,5.6,NA
504,Cam Christie,19,LAC,SG,6,0,31,4.6,13.9,0.333,2.3,9.3,0.25,2.3,4.6,0.5,0.417,1.2,2.3,0.5,1.2,5.8,7,2.3,2.3,0,2.3,2.3,12.8,NA
505,Josh Christopher,23,MIA,SG,8,0,28,2.6,9,0.286,0,1.3,0,2.6,7.7,0.333,0.286,2.6,5.1,0.5,0,3.9,3.9,5.1,0,1.3,5.1,1.3,7.7,NA
506,Jack McVeigh,28,HOU,PF,7,0,28,6.4,16.7,0.385,5.1,12.9,0.4,1.3,3.9,0.333,0.538,0,0,NA,1.3,3.9,5.1,1.3,0,1.3,1.3,1.3,18,NA
507,Leonard Miller,21,MIN,SF,10,0,27,6.7,18.7,0.357,0,6.7,0,6.7,12,0.556,0.357,10.7,10.7,1,4,10.7,14.7,0,2.7,1.3,2.7,2.7,24,NA
508,Emoni Bates,21,CLE,SF,7,0,27,2.7,18.7,0.143,2.7,14.7,0.182,0,4,0,0.214,0,0,NA,0,0,0,5.3,1.3,0,0,2.7,8,NA
509,Jalen Bridges,23,PHO,SF,5,0,25,1.4,5.8,0.25,1.4,5.8,0.25,0,0,NA,0.375,1.4,2.9,0.5,0,4.3,4.3,0,0,0,5.8,0,5.8,NA
510,Isaiah Crawford,23,SAC,SF,6,0,24,4.5,9,0.5,0,3,0,4.5,6,0.75,0.5,1.5,3,0.5,0,10.5,10.5,0,1.5,1.5,0,1.5,10.5,NA
511,Bryce McGowens,22,POR,SG,9,0,22,6.5,11.5,0.571,0,3.3,0,6.5,8.2,0.8,0.571,8.2,9.8,0.833,1.6,0,1.6,1.6,1.6,0,4.9,3.3,21.3,NA
512,Malevy Leons,25,OKC,SF,6,0,21,0,3.4,0,0,1.7,0,0,1.7,0,0,3.4,6.9,0.5,1.7,3.4,5.1,1.7,0,0,1.7,6.9,3.4,NA
513,Adama Sanogo,22,CHI,C,4,0,21,6.9,12,0.571,0,0,NA,6.9,12,0.571,0.571,0,0,NA,8.6,1.7,10.3,1.7,0,0,1.7,1.7,13.7,NA
514,Lamar Stevens,27,MEM,PF,3,0,20,5.4,16.2,0.333,0,3.6,0,5.4,12.6,0.429,0.333,3.6,3.6,1,1.8,7.2,9,0,1.8,0,1.8,1.8,14.4,NA
515,Taze Moore,26,POR,SG,2,0,20,3.6,18,0.2,1.8,7.2,0.25,1.8,10.8,0.167,0.25,1.8,3.6,0.5,7.2,7.2,14.4,1.8,3.6,0,3.6,0,10.8,NA
516,N'Faly Dante,23,HOU,C,1,0,19,7.6,11.4,0.667,0,0,NA,7.6,11.4,0.667,0.667,3.8,5.7,0.667,7.6,9.5,17.1,1.9,0,3.8,1.9,7.6,18.9,NA
517,Justin Minaya,25,POR,SF,6,0,18,0,2,0,0,0,NA,0,2,0,0,0,0,NA,4,2,6,4,2,0,0,6,0,NA
518,David Duke Jr.,25,SAS,SG,4,0,18,4,14,0.286,0,2,0,4,12,0.333,0.286,2,4,0.5,0,6,6,6,0,0,2,2,10,NA
519,Bobi Klintman,21,DET,SF,6,0,17,0,4.2,0,0,2.1,0,0,2.1,0,0,0,0,NA,0,8.5,8.5,2.1,0,2.1,2.1,4.2,0,NA
520,Lester Quiñones,24,PHI,SG,4,0,17,8.5,16.9,0.5,0,6.4,0,8.5,10.6,0.8,0.5,2.1,2.1,1,6.4,2.1,8.5,2.1,0,0,8.5,0,19.1,NA
521,Yuri Collins,23,GSW,PG,2,0,16,2.3,6.8,0.333,0,0,NA,2.3,6.8,0.333,0.333,0,0,NA,4.5,2.3,6.8,9,4.5,0,0,11.3,4.5,NA
522,Trentyn Flowers,19,LAC,SF,2,0,16,9,20.3,0.444,0,4.5,0,9,15.8,0.571,0.444,2.3,2.3,1,2.3,6.8,9,0,0,0,2.3,6.8,20.3,NA
523,Alex Reese,25,2TM,PF,3,0,16,6.8,13.5,0.5,2.3,6.8,0.333,4.5,6.8,0.667,0.583,2.3,2.3,1,9,0,9,2.3,0,4.5,0,0,18,NA
523,Alex Reese,25,OKC,PF,1,0,2,18,18,1,0,0,NA,18,18,1,1,0,0,NA,18,0,18,0,0,0,0,0,36,NA
523,Alex Reese,25,PHI,PF,2,0,14,5.1,12.9,0.4,2.6,7.7,0.333,2.6,5.1,0.5,0.5,2.6,2.6,1,7.7,0,7.7,2.6,0,5.1,0,0,15.4,NA
524,Tristen Newton,23,2TM,SG,8,0,16,2.3,18,0.125,0,6.8,0,2.3,11.3,0.2,0.125,2.3,2.3,1,4.5,4.5,9,4.5,2.3,0,4.5,9,6.8,NA
524,Tristen Newton,23,IND,SG,5,0,8,4.5,27,0.167,0,13.5,0,4.5,13.5,0.333,0.167,4.5,4.5,1,0,0,0,4.5,0,0,4.5,9,13.5,NA
524,Tristen Newton,23,MIN,SG,3,0,8,0,9,0,0,0,NA,0,9,0,0,0,0,NA,9,9,18,4.5,4.5,0,4.5,9,0,NA
525,RayJ Dennis,23,IND,PG,7,0,15,2.4,12,0.2,2.4,9.6,0.25,0,2.4,0,0.3,4.8,4.8,1,2.4,7.2,9.6,4.8,4.8,0,7.2,7.2,12,NA
526,Nae'Qwan Tomlin,24,CLE,PF,3,0,14,10.3,20.6,0.5,0,5.1,0,10.3,15.4,0.667,0.5,5.1,7.7,0.667,2.6,12.9,15.4,0,0,0,2.6,5.1,25.7,NA
527,Jalen Hood-Schifino,21,LAL,SG,2,0,14,2.6,2.6,1,0,0,NA,2.6,2.6,1,1,5.1,5.1,1,2.6,0,2.6,2.6,0,2.6,2.6,7.7,10.3,NA
528,Daishen Nix,22,MIN,PG,3,0,13,0,2.8,0,0,2.8,0,0,0,NA,0,2.8,5.5,0.5,0,11.1,11.1,8.3,0,0,11.1,2.8,2.8,NA
529,Cole Swider,25,DET,SF,2,0,13,0,13.8,0,0,13.8,0,0,0,NA,0,0,0,NA,0,5.5,5.5,2.8,0,0,0,2.8,0,NA
530,Harrison Ingram,22,SAS,SF,2,0,11,0,6.5,0,0,3.3,0,0,3.3,0,0,0,0,NA,0,6.5,6.5,0,0,0,0,3.3,0,NA
531,Cui Yongxi,21,BRK,SG,5,0,10,3.6,25.2,0.143,0,10.8,0,3.6,14.4,0.25,0.143,3.6,7.2,0.5,0,7.2,7.2,0,0,0,0,0,10.8,NA
532,Daniss Jenkins,23,DET,PG,5,0,10,0,14.4,0,0,14.4,0,0,0,NA,0,0,0,NA,0,0,0,0,0,0,3.6,7.2,0,NA
533,Keion Brooks Jr.,24,NOP,SF,2,0,10,3.6,7.2,0.5,0,3.6,0,3.6,3.6,1,0.5,7.2,14.4,0.5,3.6,7.2,10.8,3.6,0,0,0,3.6,14.4,NA
534,Malachi Flynn,26,CHO,PG,2,0,10,3.6,3.6,1,0,0,NA,3.6,3.6,1,1,0,0,NA,0,0,0,7.2,0,0,7.2,0,7.2,NA
535,Quincy Olivari,23,LAL,PG,2,0,10,3.6,18,0.2,3.6,18,0.2,0,0,NA,0.3,0,0,NA,0,0,0,3.6,0,0,3.6,0,10.8,NA
536,Jalen McDaniels,27,WAS,SF,4,0,7,0,0,NA,0,0,NA,0,0,NA,NA,0,0,NA,0,0,0,5.1,5.1,0,0,0,0,NA
537,Riley Minix,24,SAS,SF,1,0,7,0,5.1,0,0,5.1,0,0,0,NA,0,0,0,NA,0,10.3,10.3,0,0,0,0,0,0,NA
538,Jaylen Martin,21,2TM,SF,4,0,7,5.1,20.6,0.25,5.1,5.1,1,0,15.4,0,0.375,0,0,NA,5.1,5.1,10.3,0,0,0,0,5.1,15.4,NA
538,Jaylen Martin,21,BRK,SF,3,0,5,7.2,14.4,0.5,7.2,7.2,1,0,7.2,0,0.75,0,0,NA,0,0,0,0,0,0,0,7.2,21.6,NA
538,Jaylen Martin,21,WAS,SF,1,0,2,0,36,0,0,0,NA,0,36,0,0,0,0,NA,18,18,36,0,0,0,0,0,0,NA
539,Jesse Edwards,24,MIN,C,2,0,5,0,0,NA,0,0,NA,0,0,NA,NA,0,0,NA,0,0,0,7.2,0,0,0,14.4,0,NA
540,Jamaree Bouyea,25,MIL,PG,1,0,5,7.2,7.2,1,0,0,NA,7.2,7.2,1,1,0,0,NA,0,0,0,7.2,7.2,0,7.2,0,14.4,NA
541,Mac McClung,26,ORL,SG,1,0,5,0,0,NA,0,0,NA,0,0,NA,NA,0,0,NA,0,7.2,7.2,14.4,0,0,0,0,0,NA
542,James Wiseman,23,IND,C,1,0,5,14.4,28.8,0.5,0,7.2,0,14.4,21.6,0.667,0.5,14.4,14.4,1,0,7.2,7.2,0,0,0,0,0,43.2,NA
543,Skal Labissière,28,SAC,PF,2,0,4,0,0,NA,0,0,NA,0,0,NA,NA,0,0,NA,9,0,9,9,0,0,0,9,0,NA
544,Miles Norris,24,BOS,PF,1,0,4,0,0,NA,0,0,NA,0,0,NA,NA,0,0,NA,0,18,18,0,0,0,0,0,0,NA
545,Alondes Williams,25,DET,SG,1,0,4,18,18,1,9,9,1,9,9,1,1.25,0,0,NA,0,0,0,9,0,0,0,0,45,NA
546,Zyon Pullin,23,MEM,SG,3,0,3,0,12,0,0,0,NA,0,12,0,0,0,0,NA,0,0,0,0,0,0,0,0,0,NA
547,Jahlil Okafor,29,IND,C,1,0,3,0,0,NA,0,0,NA,0,0,NA,NA,0,0,NA,0,12,12,12,0,0,0,0,0,NA
548,Tony Bradley,27,IND,C,2,0,2,0,0,NA,0,0,NA,0,0,NA,NA,0,0,NA,0,18,18,0,0,0,0,0,0,NA
549,Emanuel Miller,24,CHI,PF,1,0,2,0,0,NA,0,0,NA,0,0,NA,NA,0,0,NA,0,0,0,0,0,0,0,0,0,NA
550,Chuma Okeke,26,PHI,PF,1,0,2,0,0,NA,0,0,NA,0,0,NA,NA,0,0,NA,0,18,18,0,0,0,0,0,0,NA
551,Jahmir Young,24,CHI,PG,1,0,2,0,0,NA,0,0,NA,0,0,NA,NA,0,0,NA,0,18,18,18,0,0,0,0,0,NA
NA,League Average,NA,,,NA,NA,NA,NA,NA,0.466,NA,NA,0.358,NA,NA,0.544,0.541,NA,NA,0.781,NA,NA,NA,NA,NA,NA,NA,NA,NA,NA
